-- phpMyAdmin SQL Dump
-- version 4.7.7
-- https://www.phpmyadmin.net/
--
-- Хост: 127.0.0.1:3306
-- Время создания: Май 05 2018 г., 13:21
-- Версия сервера: 5.7.20
-- Версия PHP: 7.2.0

SET SQL_MODE = "NO_AUTO_VALUE_ON_ZERO";
SET AUTOCOMMIT = 0;
START TRANSACTION;
SET time_zone = "+00:00";


/*!40101 SET @OLD_CHARACTER_SET_CLIENT=@@CHARACTER_SET_CLIENT */;
/*!40101 SET @OLD_CHARACTER_SET_RESULTS=@@CHARACTER_SET_RESULTS */;
/*!40101 SET @OLD_COLLATION_CONNECTION=@@COLLATION_CONNECTION */;
/*!40101 SET NAMES utf8mb4 */;

--
-- База данных: `crypto_blog`
--

-- --------------------------------------------------------

--
-- Структура таблицы `categories`
--

CREATE TABLE `categories` (
  `id` int(10) UNSIGNED NOT NULL,
  `name` varchar(100) COLLATE utf8mb4_unicode_ci NOT NULL,
  `slug` varchar(100) COLLATE utf8mb4_unicode_ci DEFAULT NULL,
  `created_at` timestamp NULL DEFAULT NULL,
  `updated_at` timestamp NULL DEFAULT NULL,
  `title_page` varchar(255) COLLATE utf8mb4_unicode_ci NOT NULL
) ENGINE=InnoDB DEFAULT CHARSET=utf8mb4 COLLATE=utf8mb4_unicode_ci;

--
-- Дамп данных таблицы `categories`
--

INSERT INTO `categories` (`id`, `name`, `slug`, `created_at`, `updated_at`, `title_page`) VALUES
(1, 'cryptocat', 'cryptocat', '2018-04-01 14:00:20', '2018-05-01 06:14:36', 'new11'),
(2, 'mamacoin', 'mamacoin', '2018-04-01 15:06:09', '2018-04-01 15:06:09', 'new2'),
(3, 'cryptomama', 'cryptomama', '2018-04-01 15:07:24', '2018-04-01 15:07:24', 'new3'),
(4, 'papacoin', 'papacoin', '2018-04-02 16:00:49', '2018-04-02 16:00:49', 'new4');

-- --------------------------------------------------------

--
-- Структура таблицы `migrations`
--

CREATE TABLE `migrations` (
  `id` int(10) UNSIGNED NOT NULL,
  `migration` varchar(255) COLLATE utf8mb4_unicode_ci NOT NULL,
  `batch` int(11) NOT NULL
) ENGINE=InnoDB DEFAULT CHARSET=utf8mb4 COLLATE=utf8mb4_unicode_ci;

--
-- Дамп данных таблицы `migrations`
--

INSERT INTO `migrations` (`id`, `migration`, `batch`) VALUES
(1, '2018_04_01_142643_create_users_table', 1),
(2, '2018_04_01_143059_create_posts_table', 2),
(3, '2018_04_01_144546_create_categories_table', 3),
(4, '2018_04_01_150559_create_tags_table', 3),
(5, '2018_04_01_150720_create_post_tag_table', 4),
(6, '2018_04_01_170704_chanche_tab_name_into_tab_in_table', 5),
(7, '2018_04_01_172012_add_descriprion_column_to_posts', 6),
(9, '2018_04_30_175147_create_settings_table', 7),
(10, '2018_05_01_074252_add_title_page-seo_to_categories', 8),
(11, '2018_05_01_083324_add_title_page_to_categories_table', 9);

-- --------------------------------------------------------

--
-- Структура таблицы `posts`
--

CREATE TABLE `posts` (
  `id` int(10) UNSIGNED NOT NULL,
  `title` varchar(255) COLLATE utf8mb4_unicode_ci NOT NULL,
  `seo_title` varchar(70) COLLATE utf8mb4_unicode_ci NOT NULL,
  `content` text COLLATE utf8mb4_unicode_ci NOT NULL,
  `is_active` tinyint(1) NOT NULL,
  `category_id` int(10) UNSIGNED NOT NULL,
  `slug` varchar(255) COLLATE utf8mb4_unicode_ci DEFAULT NULL,
  `picture_name` varchar(255) COLLATE utf8mb4_unicode_ci NOT NULL,
  `created_at` timestamp NULL DEFAULT NULL,
  `updated_at` timestamp NULL DEFAULT NULL,
  `description` varchar(255) COLLATE utf8mb4_unicode_ci NOT NULL
) ENGINE=InnoDB DEFAULT CHARSET=utf8mb4 COLLATE=utf8mb4_unicode_ci;

--
-- Дамп данных таблицы `posts`
--

INSERT INTO `posts` (`id`, `title`, `seo_title`, `content`, `is_active`, `category_id`, `slug`, `picture_name`, `created_at`, `updated_at`, `description`) VALUES
(2, 'Consectetur est architecto iure consectetur eum.', 'Non ducimus reiciendis alias itaque impedit.', 'Et sapiente qui quibusdam molestiae. Facere libero sint qui similique mollitia ea ipsam. Non quis et provident quo voluptas fugit id. Quidem tempora sunt aut provident accusantium. Culpa vero ut quibusdam et. Labore repellat asperiores consequatur non molestiae veniam iusto. Animi itaque consequatur provident molestiae sed aut sit aspernatur. Delectus qui iure sapiente optio aliquam. Magnam architecto perspiciatis porro dicta iure. Voluptatem non voluptates voluptatem quibusdam laborum omnis. Ipsam et eaque autem nulla suscipit enim nam. Eligendi reprehenderit qui possimus sit voluptas. Sed voluptatum nam ut aliquid. Itaque enim sed soluta qui ea doloremque ut. Culpa omnis veritatis eos iure dolorum alias sunt. Ipsam laudantium est consectetur quae quo voluptas eveniet et. Ut aliquid dicta nam iste. Rerum rerum consectetur iste aut. Mollitia velit officiis dolor accusamus veniam et.', 0, 3, 'consectetur-est-architecto-iure-consectetur-eum', 'https://lorempixel.com/640/480/?81750', '2018-04-01 12:23:59', '2018-04-01 12:23:59', ''),
(3, 'Possimus in dolor alias nemo enim.', 'Ut in qui id.', 'Pariatur corrupti quam corrupti voluptas. Cumque maiores qui sint voluptatem quia est. Earum excepturi vel sit qui repudiandae quia qui. Ut in quos possimus ut in et dolor. Autem vel itaque asperiores occaecati explicabo. Impedit illum repellendus sit exercitationem laudantium voluptates. Tenetur et quod libero dolore laborum inventore. Dolorum facilis magni rerum ea sed nisi. Dolores at architecto dolores nesciunt quo ut vitae ullam. Aliquam quasi eum est est vel. Dolor illo tenetur repellat blanditiis est. Iure sint tempore animi sit ipsum in. Ipsum voluptatem autem consequatur eaque mollitia. Qui magni dolor accusamus iure vel harum assumenda. Consequuntur voluptates ut quidem enim ipsa velit corrupti. Et est illum voluptate ipsam. Vel voluptates impedit voluptatem amet atque est aperiam eos.', 0, 4, 'possimus-in-dolor-alias-nemo-enim', 'https://lorempixel.com/640/480/?96068', '2018-04-01 12:23:59', '2018-04-01 12:23:59', ''),
(4, 'Est dolores expedita numquam animi quibusdam nulla voluptates.', 'Optio in incidunt qui consequuntur quis.', 'Voluptate totam eaque officia assumenda eos consequatur et. Omnis sit sint ut molestias. Sapiente sunt at quos autem omnis autem eligendi expedita. Modi reprehenderit quisquam itaque esse. Delectus beatae vero accusamus. Est consequatur sunt iure temporibus. Reiciendis aut alias repellendus consequatur. Unde ut voluptatem omnis. Ut enim qui dolore dolores. Consequatur ut tempora voluptas dolorum. Aperiam laborum omnis et qui. Ea aut aut et in occaecati et quae. Architecto quia minus eaque labore. Voluptate dolorem ab perferendis necessitatibus porro optio. Dolor iusto sunt quia error quam necessitatibus. Consequatur iste aperiam omnis nesciunt. Veritatis necessitatibus eos quaerat molestiae aut quos totam. Qui ea optio aliquid consequuntur ut. Totam animi qui eveniet laboriosam eligendi alias quas totam. Ut cumque quo ut doloremque dicta et. Odio aliquam eligendi rem officia iure praesentium voluptate. Explicabo a in sequi. Voluptatem harum voluptas provident sit natus ab.', 0, 2, 'est-dolores-expedita-numquam-animi-quibusdam-nulla-voluptates', 'https://lorempixel.com/640/480/?81974', '2018-04-01 12:23:59', '2018-04-01 12:23:59', ''),
(5, 'Quibusdam repellat ut iure neque rerum corrupti aliquam.', 'Praesentium itaque accusamus eius necessitatibus vero.', 'Error unde qui facere a velit placeat. Aut dolorem est laboriosam rerum ullam est sunt. Aut ullam et id. Rerum repellendus laudantium illum officiis quia laboriosam. Adipisci et et neque est cupiditate minus dolores. Facere qui impedit molestiae numquam laborum. Magni at ut sequi enim nesciunt quasi deleniti. Neque reiciendis consectetur aut animi. Iusto nihil molestiae id rerum. Ut hic et laudantium optio quibusdam quis. Necessitatibus quae eaque minus a dolores quis neque non. Ut consequatur nemo vel ut. Quasi officia autem eveniet pariatur veniam corrupti aspernatur. Qui iste modi facere animi illo modi voluptates. Vero repellat et id doloremque aut. Consequatur ratione repellendus consequatur voluptatem perferendis nihil. Nisi est mollitia rerum veritatis. Ea deleniti corporis omnis enim a autem corporis.', 1, 3, 'quibusdam-repellat-ut-iure-neque-rerum-corrupti-aliquam', 'https://lorempixel.com/640/480/?24637', '2018-04-01 12:23:59', '2018-04-01 12:23:59', ''),
(6, 'Facere odio qui dignissimos atque debitis.', 'Dicta occaecati qui aut minus temporibus vitae quaerat.', 'Qui et odio sequi veniam. Aliquid sunt tempora aut numquam eum. Explicabo delectus similique vel nemo voluptate omnis. Aut explicabo eveniet aspernatur vel. Est non officiis et facere et earum iste. Magni libero corrupti assumenda architecto quos. Nulla eum et ut exercitationem aut consequatur. Consectetur quasi veniam rerum libero earum doloremque id. Dolorem esse rerum nostrum aut consequuntur sunt numquam. Eius omnis blanditiis quis porro voluptatibus perspiciatis. Et recusandae ut blanditiis laboriosam. Sed eius tempore ut magnam quos eum possimus. Voluptatem excepturi voluptatem velit. Veritatis est numquam dolor quae fugiat. Alias facere magnam ipsum omnis laborum quos illum iusto. Quidem consequuntur et commodi aliquid optio ea eum ad. Eligendi illo ipsa ut neque. Asperiores aut mollitia quo quod aliquam aut. Autem ipsam doloremque repellendus enim possimus amet. Laboriosam ullam nihil in odit beatae dolor. Est enim commodi neque in et.', 1, 1, 'facere-odio-qui-dignissimos-atque-debitis', 'https://lorempixel.com/640/480/?79001', '2018-04-01 12:23:59', '2018-04-01 12:23:59', ''),
(7, 'Eos in voluptatem alias sint quam reprehenderit.', 'Natus placeat illo mollitia eligendi maiores qui.', 'Facere vel itaque ab aut error aliquam. Reiciendis necessitatibus quibusdam modi consectetur omnis aperiam nemo. Amet dolor repellendus aut sequi voluptate. Non illo delectus pariatur et odit dolor voluptate. In veritatis et sed beatae qui sed sint est. Facilis totam itaque et iusto odio amet. Sunt ut velit natus aut architecto aliquid deserunt. Et numquam alias voluptatem dolorum illum. Laudantium quibusdam in veritatis occaecati blanditiis saepe voluptatem sequi. Repudiandae fugit ipsum est qui alias qui sed. Dolor voluptatum id id aspernatur quo ea est. Assumenda velit a repellat reprehenderit fugiat repudiandae. Molestiae voluptas dicta aut quo quam. Tenetur sunt itaque aut ducimus et hic quis. Iure beatae quasi itaque dolores quam unde. Deleniti in tempore consequatur in rem. Quod et quis recusandae. Fugiat consectetur aliquam nobis quod necessitatibus veniam est. Deserunt nesciunt ad similique amet. Ad pariatur hic ipsa animi consequatur quaerat omnis. Cumque reiciendis itaque et. Minima architecto unde eos aperiam. Delectus consequatur aut voluptatum laboriosam praesentium. Laborum eaque nostrum quidem sit qui et temporibus dolorum. Veritatis tempore et ut neque rerum corrupti quo.', 1, 2, 'eos-in-voluptatem-alias-sint-quam-reprehenderit', 'https://lorempixel.com/640/480/?94268', '2018-04-01 12:25:28', '2018-04-01 12:25:28', ''),
(8, 'Molestiae magni explicabo facere nesciunt cumque omnis.', 'Et sunt eligendi natus dolorem.', 'Dignissimos iure maiores veniam et unde. Et quas tempore quis temporibus et quaerat pariatur vel. Excepturi et cupiditate tenetur molestiae eligendi minima ducimus. Sit vel unde enim possimus eligendi. Perferendis et neque qui accusantium unde debitis omnis aspernatur. Voluptatum cumque aut sunt corrupti animi consectetur. Sed qui consectetur dicta est. Velit perferendis fuga reiciendis. Sit et laboriosam qui qui. Qui in et quasi deserunt. Pariatur nostrum error in excepturi eius dolores soluta ut. Atque fugiat voluptate deserunt dolorum est quibusdam itaque. Delectus fuga minus voluptas. Quaerat illo omnis libero aspernatur. Illum atque autem alias error perspiciatis ducimus necessitatibus. Dolores suscipit quia eum similique fugiat sequi. Occaecati aut dolorum assumenda est recusandae quam facere.', 0, 1, 'molestiae-magni-explicabo-facere-nesciunt-cumque-omnis', 'https://lorempixel.com/640/480/?72401', '2018-04-01 12:25:28', '2018-04-01 12:25:28', ''),
(9, 'Consequuntur sequi quod quidem molestiae reiciendis occaecati.', 'Laboriosam est dicta tempora numquam.', 'Maiores eveniet quis libero similique. Repudiandae expedita culpa odio aut et molestiae. Repellat voluptate dolorem magni est eveniet soluta sit. Autem consequatur quos aut et voluptas exercitationem. Animi voluptatum est impedit sed. Sit et qui dolores iusto similique et. Libero molestias asperiores debitis iste eveniet. Ea consequatur laborum eveniet ad maiores molestiae. Assumenda eum aut ea quas eius corrupti. Ad aut voluptas magnam quam numquam. Reprehenderit earum amet voluptatem et eligendi officia atque. Nam soluta modi sed inventore earum corrupti fuga. Placeat doloribus voluptates aperiam quia autem rerum fugit. Qui praesentium voluptatem molestiae ad in. Iusto provident fugit culpa praesentium maxime molestiae omnis. Illum at doloribus similique cupiditate consequatur autem ea. Quos aut in ut. Excepturi omnis veniam in corporis quia accusamus. Blanditiis voluptas et culpa facilis laborum. Praesentium qui veniam cum nihil in. Nostrum adipisci voluptatem quam. Ut sit non occaecati. Optio accusantium dolorem error rerum corporis quis.', 0, 3, 'consequuntur-sequi-quod-quidem-molestiae-reiciendis-occaecati', 'https://lorempixel.com/640/480/?15385', '2018-04-01 12:25:28', '2018-04-01 12:25:28', ''),
(10, 'Animi neque cumque amet sed itaque.', 'Sed quia et alias quasi quis nemo.', 'Et doloremque at incidunt cupiditate. Reprehenderit voluptates in similique necessitatibus. Et nulla itaque natus magnam. Ea eaque illum sit veniam nihil cupiditate. Blanditiis qui sunt ut dolores corrupti est. Est placeat quo est voluptates. Voluptatem et est deserunt et et nihil praesentium. Fugit velit praesentium totam et. Sit hic nesciunt voluptatem laudantium. Omnis velit pariatur doloribus delectus ut eos laboriosam ipsa. Dolorum laboriosam iste est et. Unde voluptatem nemo quo. Doloremque adipisci officiis odit laboriosam odit provident et recusandae.', 0, 4, 'animi-neque-cumque-amet-sed-itaque', 'https://lorempixel.com/640/480/?36641', '2018-04-01 12:25:28', '2018-04-01 12:25:28', ''),
(11, 'Culpa eveniet et ea voluptates minima qui ab.', 'Nostrum commodi doloribus laudantium ex et.', 'Laboriosam eum illum quibusdam deserunt voluptas dolor magnam. Ducimus et itaque id sed illum. Vel dolores ea consequatur optio voluptatibus rerum. Et nisi qui laboriosam reiciendis veniam ipsa repudiandae excepturi. Sint quia facilis enim est. Occaecati facilis molestiae voluptatem rerum. Soluta non nemo officiis voluptatem maiores. Nemo sit consectetur sed. Atque quasi quaerat blanditiis ex error. Suscipit ullam eaque totam aliquid quaerat. Ducimus laborum laboriosam inventore. Doloremque saepe totam nemo voluptatem consequatur mollitia aut. Aliquid autem recusandae est asperiores. Qui ea iste itaque ut. Dolores aut veniam cumque libero quidem iure qui. Sint praesentium et qui nihil dicta quisquam accusantium eaque. Ea quidem iure et harum tempore commodi. Doloribus qui nostrum voluptates. Quas placeat quibusdam dolorem. Voluptas libero libero neque. Ut qui consequatur omnis impedit ab.', 1, 2, 'culpa-eveniet-et-ea-voluptates-minima-qui-ab', 'https://lorempixel.com/640/480/?71762', '2018-04-01 12:25:28', '2018-04-01 12:25:28', ''),
(12, 'Sit voluptatem amet placeat minus illo quo aut quos.', 'Voluptate et labore non laborum enim architecto.', 'Dolor maxime laboriosam sit porro nulla inventore. Minima placeat qui dolorem amet earum. Autem voluptas vero distinctio et. Similique vitae ut non ex. Aut cumque et numquam asperiores et. Rerum architecto quia aliquam aut odit voluptatem. Eveniet iure adipisci deleniti omnis. Quidem neque sit impedit laboriosam dignissimos. Sit est expedita libero doloribus et voluptas. At temporibus laboriosam id iusto quisquam nam iure. Enim et aut earum sint. Qui voluptate iste enim et delectus sint ut. Itaque distinctio quo delectus nihil sequi tempore eligendi sed. Veniam aspernatur qui deserunt eum est. Impedit expedita tenetur quasi hic veritatis sequi. Voluptatem nobis autem error adipisci harum quae ea dignissimos. Perferendis temporibus beatae sed mollitia et. Consequuntur enim ut assumenda et amet quo voluptate.', 1, 2, 'sit-voluptatem-amet-placeat-minus-illo-quo-aut-quos', 'https://lorempixel.com/640/480/?35963', '2018-04-01 12:25:28', '2018-04-01 12:25:28', ''),
(13, 'Dicta et dolore dolorem ea animi fugit.', 'Dolores deleniti nobis quidem tempora.', 'Ad quo sunt et sit. Nostrum deleniti ut ut magnam optio. Autem porro voluptas repudiandae a qui. Qui eos rerum occaecati enim. Veritatis veritatis autem facilis. Iusto maxime harum dolores sint aspernatur quos. Id sunt et qui omnis. Recusandae qui odit optio nesciunt voluptatem. Itaque reiciendis rem ut asperiores aspernatur. Minima aut aliquid deleniti. Quia mollitia voluptas blanditiis at voluptatem optio. Laboriosam quod quasi consequuntur cupiditate veritatis rerum dolorum suscipit. Et est laudantium dolorem molestiae distinctio. Eum corporis perspiciatis fugit aliquam aut dicta asperiores. Eaque quis et perspiciatis at optio. Et a itaque velit impedit sint incidunt quia. Omnis veniam doloremque sit sint voluptatibus perspiciatis. Occaecati veniam quis cupiditate sunt aspernatur voluptatem blanditiis. Velit ipsum reiciendis iste dolorem. Nemo architecto assumenda incidunt enim quos id. Dolores optio iure facilis itaque rem voluptatibus. Quos quaerat aut doloribus voluptates ut est et. Provident autem ullam facilis et non distinctio doloremque. Consequatur aliquid et consequatur quo. Cum quia quia illum sit numquam qui. Aut culpa exercitationem accusantium nam sed.', 1, 4, 'dicta-et-dolore-dolorem-ea-animi-fugit', 'https://lorempixel.com/640/480/?29421', '2018-04-01 12:25:28', '2018-04-01 12:25:28', ''),
(14, 'Consequatur quos quae nam nemo numquam omnis culpa et.', 'Et officiis nam rerum molestiae.', 'Accusantium eligendi facilis ratione atque. Laborum quam ducimus mollitia sit eum sapiente aut. Quas et vitae sed excepturi accusantium id. Veritatis nostrum odio cupiditate id accusantium nostrum. Ut aliquid molestiae odio cum esse. Dolorum et aliquam corrupti. Voluptate vero aspernatur velit omnis aliquam quasi. Voluptatem cum ex odit aut veniam eos velit distinctio. Qui rerum ut quasi quo. Occaecati est qui velit aut. Incidunt non explicabo quae molestiae laudantium aut dolorum. Ut sed omnis est qui. Nostrum fuga voluptas accusantium est pariatur. Culpa repudiandae totam a repudiandae. Vel praesentium illum atque laborum accusantium illo. Est velit nesciunt adipisci commodi sunt sed. Perferendis quam tempore cum consequuntur nostrum occaecati commodi.', 1, 4, 'consequatur-quos-quae-nam-nemo-numquam-omnis-culpa-et', 'https://lorempixel.com/640/480/?64384', '2018-04-01 12:25:28', '2018-04-01 12:25:28', ''),
(15, 'Necessitatibus voluptates perferendis earum consequatur et sunt.', 'Dolores qui necessitatibus mollitia non.', 'Nihil suscipit nesciunt nam ducimus. Itaque hic error aut consequuntur. Maiores et aut voluptas numquam quod. Qui dolorem ut quae expedita. Mollitia eum quibusdam ut dolorum sed cupiditate voluptas. Dolore harum ullam maiores. Delectus qui at quasi magni at molestias. Ea velit fugiat porro et sapiente. Dolores sunt facilis aut quam ut dolorem. Quas voluptate facilis non a. Quas expedita nisi dolorum ea aut nemo. Saepe tempora voluptatibus et. Dolorem amet sapiente nesciunt sint.', 1, 4, 'necessitatibus-voluptates-perferendis-earum-consequatur-et-sunt', 'https://lorempixel.com/640/480/?86434', '2018-04-01 12:25:28', '2018-04-01 12:25:28', ''),
(16, 'Dolor esse cum vel aliquam.', 'Non vel ipsa sit similique neque magnam et.', 'Enim non itaque consequuntur accusamus voluptatem perferendis neque. Voluptates sapiente asperiores quis aut doloribus omnis. Iusto odio similique dolores dolor nesciunt. Rerum quidem recusandae doloribus modi veritatis. Sunt omnis ut in et sapiente quos nisi. Nostrum nihil eligendi aperiam. Corporis vel aliquid commodi accusantium aut neque ut. Corrupti sit nobis deserunt aspernatur. Repellendus hic quibusdam quo qui. Repellat dolore autem at autem sint dicta vitae. Et dicta nesciunt est non sapiente iste ut quasi. Qui ex fuga sit est ut autem. Omnis qui autem fugit dolorem. Quia vitae vel excepturi natus dignissimos sed. Odio tenetur optio consequuntur iste et itaque sint.', 1, 2, 'dolor-esse-cum-vel-aliquam', 'https://lorempixel.com/640/480/?39246', '2018-04-01 12:25:28', '2018-04-01 12:25:28', ''),
(17, 'Distinctio dolorum qui fugit labore ipsa veniam.', 'Tenetur corrupti enim deleniti et et unde dolorum.', 'Officiis cum quisquam quia sit quis dolorem. Dicta sed ad quam molestiae perferendis veritatis excepturi. Iste voluptatem sit nihil qui facilis. Animi eligendi est est non. Magnam doloremque voluptatem minus ut alias. Consectetur possimus voluptas nam enim cum ab praesentium dolorem. Qui quasi consequuntur impedit iusto. Nihil qui voluptatum magnam reiciendis. Quaerat voluptas fugiat dolorem velit vero. Corrupti sapiente cum ut vel et veritatis facilis. Iste optio et eveniet quisquam facilis aliquid odio quia. Ut molestiae sit similique temporibus perspiciatis atque eligendi. Possimus perspiciatis nihil vel totam excepturi. Atque qui ipsa neque totam. Dolorem pariatur a et architecto. Alias omnis amet voluptatem sed.', 0, 1, 'distinctio-dolorum-qui-fugit-labore-ipsa-veniam', 'https://lorempixel.com/640/480/?10702', '2018-04-01 12:25:28', '2018-04-01 12:25:28', ''),
(18, 'Aperiam natus aut accusamus totam rerum ipsa.', 'Rerum ex accusantium eos tempora enim natus.', 'Qui reiciendis et non. Et earum rerum eum omnis inventore asperiores. Modi nulla sed corporis autem doloribus. Sit ab commodi fugiat magni quae similique ab. Sint optio quia sit provident. Ullam iusto est magnam natus itaque. Doloribus consequatur aut et molestias aut vero velit. Illo nulla perferendis id debitis non harum amet laboriosam. Sit maiores unde dolor quis omnis aliquid. Illum est repudiandae iusto rerum delectus molestiae. Asperiores quis ratione ipsum et. Est vel ea temporibus blanditiis. Fugit doloremque ipsum commodi exercitationem. Reprehenderit in id doloribus voluptatem eum ab. Explicabo et iure ut qui sunt. Porro laboriosam error deserunt sapiente quidem aspernatur incidunt.', 1, 3, 'aperiam-natus-aut-accusamus-totam-rerum-ipsa', 'https://lorempixel.com/640/480/?22704', '2018-04-01 12:25:28', '2018-04-01 12:25:28', ''),
(19, 'Beatae aut quo cupiditate voluptas.', 'Ut id qui ex aut nisi rerum in.', 'Ratione cupiditate odio facilis fugiat a omnis omnis. Corrupti et architecto non aut amet libero. Placeat iusto voluptatem quam eveniet ut quis nesciunt. Qui sapiente hic eaque laborum mollitia aut. Asperiores non est minus qui temporibus aut in. Dolorem deserunt a quae totam. Accusantium et temporibus quam vero et. Facere quidem qui voluptatem atque. Saepe illum maxime vel aut quisquam. Dolorem qui libero soluta occaecati et rem. Amet nulla dicta consequatur dolorem excepturi odit cum nobis. Omnis provident voluptatum nostrum quia dolores velit. Dolor sint sed totam non eveniet. Incidunt dignissimos unde saepe soluta velit. Incidunt sit et aut eligendi. Officia laborum modi eligendi sit molestiae sed eos reiciendis. Perferendis laborum ut praesentium ut. Alias est et sed in ut. Incidunt consequatur aut aspernatur voluptatem. Asperiores et eos eos. Perspiciatis et consequatur rerum. Et est in qui dignissimos est dolorem. Vel voluptatem ducimus aut. Magni animi amet consequatur excepturi dolores nemo. Dolorem hic tempora consequatur aut consequatur ratione ea sunt.', 0, 3, 'beatae-aut-quo-cupiditate-voluptas', 'https://lorempixel.com/640/480/?10182', '2018-04-01 12:25:28', '2018-04-01 12:25:28', ''),
(20, 'Voluptate sit dolorem mollitia qui.', 'At sit rerum tempora commodi nostrum aut enim et.', 'Hic ut eligendi dolorem doloribus incidunt quidem eius. Neque odio quasi maiores dolore dolorem. Nobis eum dolorem aut non quisquam. Aspernatur officia voluptas magni mollitia ipsa aliquam. Et ullam cum nesciunt consequatur corporis rerum quo. Culpa eius nobis adipisci ea. Quidem non fugiat aut. Aut nulla molestias necessitatibus non architecto rerum. Natus labore perspiciatis ipsum officiis praesentium ut soluta. Delectus vero qui odio consequatur consequuntur iure voluptatibus. Tenetur animi vel sint sint iste. Neque illum qui voluptatem id et deserunt. Autem dolor dolorem quis accusantium ut aut. Labore neque vero optio voluptas. Officia culpa aut quae iure. Magnam ipsum illum aut ad. In tenetur non sed distinctio. Rerum voluptate tempore expedita aspernatur consequatur. Sit doloremque nam porro dolorem quibusdam. Ipsa vel et dolore. Quos natus consectetur enim explicabo esse impedit. Rerum molestiae dolores in eum ducimus. Molestiae alias consequuntur quas eum in exercitationem. Deleniti eum deleniti ducimus magni.', 1, 4, 'voluptate-sit-dolorem-mollitia-qui', 'https://lorempixel.com/640/480/?83479', '2018-04-01 12:25:28', '2018-04-01 12:25:28', ''),
(21, 'Porro nobis voluptatum aut ut molestiae quas veritatis sint.', 'Voluptatum eum a aspernatur nihil.', 'Assumenda reprehenderit dicta adipisci velit necessitatibus omnis. Illo consectetur et atque modi. Consequatur nulla aliquid beatae velit molestiae. Et similique rem non ipsa. Nobis tempore nihil quasi ea cupiditate consequuntur. Harum magni consequatur quia autem. Et dignissimos rerum vel distinctio nihil asperiores. Quis quidem aut inventore. Omnis rerum consequatur voluptatem harum consequatur quia enim. Tenetur in unde eum quia. Ut doloribus beatae ipsa neque ut. Et est minima velit. Rerum voluptatem porro veritatis et. Velit et atque ut.', 1, 2, 'porro-nobis-voluptatum-aut-ut-molestiae-quas-veritatis-sint', 'https://lorempixel.com/640/480/?58716', '2018-04-01 12:25:28', '2018-04-01 12:25:28', ''),
(22, 'Odit nemo similique corrupti itaque porro.', 'Magni vero dolorum iste consequatur.', 'Exercitationem voluptas quo excepturi ut libero reiciendis omnis unde. Non voluptates est odit doloribus. Error voluptate distinctio veritatis numquam rerum recusandae fugit. Debitis eum itaque ea. Qui qui atque et animi labore ipsum. Provident voluptas molestiae pariatur impedit voluptate dolorum. Repellat repellendus qui nisi natus. Magnam ut quae incidunt nihil consequatur voluptas. Unde et sequi rerum. Asperiores cum eum placeat et corrupti porro excepturi omnis. Accusamus accusantium quo odio sed laboriosam dignissimos similique. Numquam nihil molestiae fugit soluta facere. Ipsam quaerat in ipsum. Sed recusandae et soluta vel unde. Aut et mollitia quis tempora quia repudiandae possimus. Vitae natus vel optio quis pariatur quos officia. Consequatur eum nam aut perspiciatis minus quasi. Expedita laudantium quisquam animi. Et dicta est ducimus ipsa quo dolore voluptatem odit.', 1, 2, 'odit-nemo-similique-corrupti-itaque-porro', 'https://lorempixel.com/640/480/?65423', '2018-04-01 12:25:28', '2018-04-01 12:25:28', ''),
(23, 'Quia enim consequatur magnam in dolorem nobis.', 'Qui autem maiores et ad ratione.', 'Dolorem autem minus sed sit. Sed cumque in dolor rerum autem tempora reprehenderit. Dolore tenetur et ullam est. Laborum necessitatibus nulla et neque qui ad quam. Fugiat inventore quis ut eum. Reprehenderit quia error minima beatae voluptas. Aut autem mollitia atque cum sapiente maiores. In consequatur sapiente asperiores debitis et quis cupiditate. Nihil dolores qui nihil eligendi cumque. Impedit autem labore et et maxime quas numquam eos. Quo qui aspernatur voluptas. Corporis dolores rerum dolorem neque. Voluptatem occaecati molestias ut. Et aliquam accusantium numquam veritatis. Tenetur aliquid repudiandae sequi fugit commodi. Velit quidem fuga et voluptatibus aut. Exercitationem vel non est delectus et officiis. Expedita explicabo omnis magnam ut eum. Asperiores nobis ullam non explicabo corporis odit. Quod quaerat sapiente labore accusamus natus laudantium vel molestiae. Sed quas temporibus ipsa nulla eos. Voluptas eaque quas maiores. Consectetur et qui sunt saepe dolor quasi. Inventore ex numquam nostrum animi ab natus in saepe. Beatae esse voluptates voluptas sint explicabo porro. Iste excepturi est quia qui velit id eos. Aut dolor omnis deleniti nemo omnis omnis.', 0, 3, 'quia-enim-consequatur-magnam-in-dolorem-nobis', 'https://lorempixel.com/640/480/?72865', '2018-04-01 12:25:28', '2018-04-01 12:25:28', ''),
(24, 'Qui nisi voluptatum reprehenderit nihil facere possimus consequuntur mollitia.', 'Consequatur ullam vel vel voluptate nemo modi.', 'Veniam sed aut veniam perferendis aut. Explicabo magnam id ut et omnis. Aperiam ipsam sed expedita sed libero necessitatibus. Assumenda accusantium et esse omnis. Incidunt eveniet qui dicta impedit fugiat. Nisi repellat beatae placeat repellat neque nihil facere. Eum sed magni temporibus veniam molestiae omnis aut quo. Nihil illum doloremque labore commodi. Ut voluptate quis reiciendis nihil. Quae dolorem ullam voluptates autem. Aut id tempora temporibus et accusantium in veniam. Voluptatem praesentium qui nesciunt dolores commodi asperiores. Atque rem nobis maiores. Id debitis dolor cumque harum.', 1, 3, 'qui-nisi-voluptatum-reprehenderit-nihil-facere-possimus-consequuntur-mollitia', 'https://lorempixel.com/640/480/?27929', '2018-04-01 12:25:28', '2018-04-01 12:25:28', ''),
(25, 'Perspiciatis magni amet nihil est aliquam.', 'Ea non quaerat ut expedita.', 'Ex dignissimos neque eius. Tempore alias corporis nemo explicabo possimus. Modi sed dolorem recusandae soluta delectus eos voluptatem debitis. Omnis quae illo magnam et est. Consectetur pariatur minima exercitationem. Aut autem et voluptatem possimus officia recusandae. Eum veniam iste in et. Dignissimos explicabo a perferendis placeat quia. Asperiores unde ut debitis consequatur ratione quo. Temporibus possimus eveniet perferendis error sed reiciendis est. Nostrum non ipsa porro odit eveniet. Cumque voluptatem sit numquam ut. Totam commodi magni fuga dolore consequatur dolorem. Maiores omnis hic dolor repellat animi qui voluptatem et. Vel aut deserunt reiciendis omnis tempora.', 0, 2, 'perspiciatis-magni-amet-nihil-est-aliquam', 'https://lorempixel.com/640/480/?35817', '2018-04-01 12:25:28', '2018-04-01 12:25:28', ''),
(26, 'Veniam recusandae sunt repudiandae voluptates delectus quae.', 'Aliquid veritatis animi aut deleniti voluptas sed.', 'Et repellendus sed voluptatem corrupti qui et facere. Qui deserunt rerum quo. Esse aut laboriosam sed nulla assumenda nulla. Id perferendis eius et dolor autem. Enim possimus autem quia nisi. Ipsum iste corporis molestiae quis minima. Similique quaerat similique est minima ratione sed. Voluptatibus sunt voluptate ut. Est molestias nesciunt iure quas tenetur voluptatum. Quia a rerum a officia. Voluptatem culpa veniam vero iste rem dolorum. Eum aperiam omnis est. Omnis qui tempora ab dolorem. In recusandae vel ut accusantium quasi nisi corporis vel. Mollitia est necessitatibus similique quia voluptatem sint. A cumque itaque voluptatem ipsam. Vitae provident dolor repellat. Ratione et amet amet facere ea temporibus molestias quo. Ex repellendus et laudantium. Excepturi dicta voluptatum et vitae labore ea suscipit. Corporis perferendis eius quibusdam voluptas. Vitae assumenda exercitationem consequatur vitae libero sint eaque molestias. Necessitatibus magnam doloremque adipisci illo culpa.', 1, 3, 'veniam-recusandae-sunt-repudiandae-voluptates-delectus-quae', 'https://lorempixel.com/640/480/?24777', '2018-04-01 12:25:28', '2018-04-01 12:25:28', ''),
(27, 'Atque tempore qui cumque aut est.', 'Inventore nisi quia dolorum qui voluptate.', 'Omnis cumque ut sapiente quam. Voluptate explicabo perspiciatis consequatur qui. Ut porro vero et dolorum culpa qui distinctio autem. Totam in iste praesentium vel culpa qui doloribus. Et recusandae dolorem cumque odit velit reprehenderit quidem. Rerum eaque occaecati repellat repudiandae expedita natus harum. Libero enim sed vel quia deserunt rem. Omnis vero ipsa eos cupiditate doloremque optio et excepturi. Odio et officiis est dolores aliquam. Id et tempora adipisci modi. Quaerat aut omnis commodi ullam nihil eos. Voluptatem voluptatem quam et dolorum. Ad esse officiis aut error. Ducimus esse distinctio fugit ducimus. Dignissimos sunt distinctio non saepe. Maxime nemo aut dolor aut autem. Iusto dolorem iure aut quia ipsa qui. Maiores pariatur sed et. Sint minus quod similique qui ut. Aperiam eum expedita nemo possimus quos ut enim. Itaque delectus aut aut expedita rem dolor.', 1, 3, 'atque-tempore-qui-cumque-aut-est', 'https://lorempixel.com/640/480/?12332', '2018-04-01 12:25:28', '2018-04-01 12:25:28', ''),
(28, 'Ut numquam facere quae dignissimos consequatur eligendi.', 'Et quasi reprehenderit veniam nihil.', 'Facere voluptatem iusto consequatur consequuntur ducimus. Eligendi in quia sint velit. Voluptatibus qui molestiae magnam pariatur ea fugit. Nam voluptatem aliquid exercitationem aut quidem inventore reiciendis. Dignissimos omnis pariatur culpa enim delectus similique omnis eum. Aut assumenda quos eligendi non labore. Numquam cupiditate tenetur reiciendis. Veritatis nesciunt quaerat unde. Dicta sit excepturi sit consequatur omnis dolorum et. Sed eos et non aut cupiditate molestias beatae tenetur. Exercitationem libero ipsa qui quia. Explicabo voluptatem corrupti sunt quas excepturi. Autem repellendus repellat et quo eum nemo iste. Possimus voluptatibus labore dolor illum enim nostrum. Quis temporibus nisi minus. Omnis officia et soluta sapiente.', 1, 2, 'ut-numquam-facere-quae-dignissimos-consequatur-eligendi', 'https://lorempixel.com/640/480/?96577', '2018-04-01 12:25:28', '2018-04-01 12:25:28', ''),
(29, 'Esse quasi voluptas adipisci quia ut ratione.', 'Aut commodi quibusdam qui inventore est minima.', 'Omnis et est porro architecto. Voluptates consequatur exercitationem alias possimus eius. Eos ducimus vel illum dolores quae quos assumenda. Aliquid rerum et id. Voluptas recusandae reprehenderit numquam enim voluptas sed libero. Dolor et ea eos est maiores. Animi molestias accusantium dolorem molestias velit id saepe. Voluptatem doloribus molestias natus voluptatem. Eos esse vel vel ad blanditiis libero officia. Et dolores iste quam libero repudiandae voluptatem. Magni omnis et esse voluptas rerum repellendus. Perferendis laborum sequi ipsum facilis delectus et natus vero. Iste cupiditate ut repudiandae maxime necessitatibus. Sequi perferendis beatae nihil id tenetur modi. Non eos neque voluptatum odio sint sequi. Et cupiditate totam deleniti autem. Animi similique excepturi qui accusamus molestiae. Quia voluptas tempore qui impedit in similique facilis. Odio officia temporibus sunt. Repudiandae eaque distinctio corrupti illo enim dolorum ullam. Ipsum veritatis ut officia eos esse officia quam. Aspernatur reprehenderit sint at nihil eius voluptate. Facere et cumque ut laborum ducimus aut. Illum repellat reprehenderit et nihil corrupti aut quidem. Sapiente ad ex libero. Dolorum eum quidem qui quia magnam autem error. Sapiente eius iste et et provident voluptas laboriosam. Soluta magnam ut qui adipisci voluptatum necessitatibus voluptas.', 0, 3, 'esse-quasi-voluptas-adipisci-quia-ut-ratione', 'https://lorempixel.com/640/480/?48718', '2018-04-01 12:25:28', '2018-04-01 12:25:28', ''),
(30, 'Vel voluptatum fugit maxime cum temporibus.', 'Ea ut ea cum dolorum quae velit.', 'Perferendis non quam temporibus quidem. Omnis fuga labore velit recusandae qui. Adipisci sunt nostrum hic aut facere perferendis explicabo. Voluptas qui sit et cupiditate sed. Quis quae et minus in eum recusandae. Exercitationem explicabo laboriosam eligendi ullam dolorum minima. Modi et fugiat et. Ex in quo quia sint repellendus itaque sit. Illum nulla tempora saepe voluptatum. Modi laudantium doloremque ut ipsa. Eum ex a voluptatum sunt et. Et reprehenderit quos doloremque est sit cupiditate. Nulla maiores quo facilis et occaecati. Aperiam velit autem nemo eos aut esse. Libero esse a tempore. Sit consectetur aliquid expedita assumenda aut magnam. Veniam modi aut exercitationem. Praesentium assumenda vel debitis. Ut fuga qui dolorem iure molestiae quis. Cupiditate molestias porro fugit eius quam.', 0, 1, 'vel-voluptatum-fugit-maxime-cum-temporibus', 'https://lorempixel.com/640/480/?44262', '2018-04-01 12:25:28', '2018-04-01 12:25:28', ''),
(31, 'Inventore voluptatum minus ut corrupti quia.', 'Vero pariatur enim alias.', 'Dolores consequatur alias commodi nisi quos quaerat. Eaque ipsa ab officia explicabo voluptatem cumque in sed. Necessitatibus ut illo a nam harum officia. Eos architecto sed quae minima at illo ullam neque. Quia officiis perferendis aut velit eaque facilis ea. Quasi nostrum magni dolores et. Quis et id sed inventore. Voluptatum architecto sunt in et corrupti molestiae voluptatem. Soluta nam et ipsum velit. Tempore rerum itaque iste amet ab. Aut ut modi dolorem. Aliquid natus sint laboriosam quam tempore. Hic in necessitatibus maxime consequatur. Nostrum est recusandae culpa sunt et aut id ducimus. Est aliquam ullam ut est magni soluta. Cumque harum quibusdam eveniet totam provident quis ex. Exercitationem fugit aut optio. Cum enim nesciunt velit omnis dolores. Possimus qui et et ut. Vel nesciunt eaque ea corrupti nemo non nesciunt. Enim ipsam eveniet quidem quo culpa asperiores et labore. Voluptas provident omnis animi explicabo. Consequatur eos esse hic minima fugit laborum sunt. Eos asperiores ut dolorum ipsa. Omnis et provident non dicta animi. Illum illo sint soluta totam qui dolores.', 1, 2, 'inventore-voluptatum-minus-ut-corrupti-quia', 'https://lorempixel.com/640/480/?95461', '2018-04-01 12:25:28', '2018-04-01 12:25:28', ''),
(32, 'Dolor exercitationem minima ut recusandae quasi non quos.', 'Placeat modi atque eveniet numquam velit eos natus.', 'Cumque voluptate odio aut sapiente et totam. Eveniet numquam est illo tenetur eaque similique. Inventore reiciendis quia consequatur cupiditate qui eum nihil tempore. Quos in id hic voluptatem. Asperiores possimus iusto et. Deserunt eos labore sint facere temporibus perferendis voluptatum. Voluptatibus sint in itaque dolore qui. Non commodi vel hic nam tempora voluptas voluptate. Enim odio voluptatem iste iste inventore. Voluptatem ad eum enim quaerat deleniti enim eum. Esse numquam non cupiditate harum et quia quidem. Corporis porro id alias corporis vel voluptatem. Quo ipsa molestiae illum enim occaecati pariatur. Autem impedit dolor maxime ut et nam. Quo sunt ullam inventore consectetur. Optio ut tempora earum ipsum excepturi aut animi. Enim ab voluptas architecto. Iusto necessitatibus voluptate soluta doloremque vero. Architecto pariatur quia tenetur.', 0, 4, 'dolor-exercitationem-minima-ut-recusandae-quasi-non-quos', 'https://lorempixel.com/640/480/?68418', '2018-04-01 12:25:28', '2018-04-01 12:25:28', ''),
(33, 'Quia sint voluptatem nesciunt veritatis qui et veniam.', 'Voluptatem aut tempora qui quas eum totam.', 'Repellendus consequatur tenetur esse voluptatum distinctio voluptatum. Est dolores eum repudiandae natus dicta quo accusamus. Sequi veniam deserunt cum. Saepe molestiae sapiente totam unde iste. Quis perferendis corporis nobis deserunt qui. Nemo cupiditate corrupti veritatis eos et. Quasi voluptas autem consequatur corporis placeat debitis et eaque. Quasi in dolorum consectetur labore animi nobis. Vel dicta minima eaque maxime ut iusto tempora culpa. Accusamus laudantium eos distinctio harum dolores eos. Saepe voluptas quisquam suscipit recusandae id inventore. Sint voluptatum quis enim iure recusandae perspiciatis eligendi. Cum commodi iste vel quod.', 1, 1, 'quia-sint-voluptatem-nesciunt-veritatis-qui-et-veniam', 'https://lorempixel.com/640/480/?19308', '2018-04-01 12:25:28', '2018-04-01 12:25:28', ''),
(34, 'Quos dicta est culpa aut quae.', 'At atque deserunt facilis accusantium.', 'Architecto sapiente quas harum quae nostrum alias. Aut itaque nostrum voluptate voluptates. Dolorem voluptatum temporibus atque asperiores. Ratione voluptas optio voluptatem sed. Molestiae voluptas ut modi aspernatur voluptatibus. Neque sunt qui fuga assumenda. Non quibusdam illum unde eveniet autem eligendi. Quibusdam aliquam sed fugit ducimus debitis eaque. Esse molestiae perferendis praesentium et ullam vero. Recusandae et laudantium sint culpa. Et aliquid recusandae commodi quidem non quam. Incidunt molestiae est blanditiis molestias. Magnam nam ad et praesentium dolore numquam rem. Pariatur dicta vitae rerum minus sint quis voluptatem. Reiciendis consequatur eaque tempora sed qui. Nam et earum ut nobis sit blanditiis. Sint autem necessitatibus ut autem sint ex. Enim et optio minima corrupti beatae suscipit. Sit praesentium distinctio veniam voluptatum at. Laborum voluptates consectetur libero et. Explicabo nesciunt voluptas facilis perspiciatis dignissimos recusandae nam. Eos dolor tempora explicabo et ut ea. Officiis perferendis eum culpa eos similique. Aut neque totam est at aperiam similique ullam. Perspiciatis sunt cupiditate sit libero aut.', 1, 3, 'quos-dicta-est-culpa-aut-quae', 'https://lorempixel.com/640/480/?94580', '2018-04-01 12:25:28', '2018-04-01 12:25:28', ''),
(35, 'Harum ut et earum et accusantium vitae esse.', 'Sint hic ea ratione.', 'Id at ut quo quibusdam totam. Voluptatem saepe velit qui voluptatem. Libero fugit quo aperiam autem est ab. Voluptatum tempora necessitatibus et autem distinctio praesentium a eos. Ipsa autem earum aspernatur sunt molestiae perspiciatis maxime. Ut voluptas recusandae dolorum vero animi. Quis magnam culpa cum. Voluptatem blanditiis soluta qui nisi sed est eos magnam. Non incidunt quae voluptas sed. Reprehenderit quasi sit nihil minus. Illo aut minus nam ea alias. Quidem distinctio officiis laborum. Et nemo tempore animi earum aut distinctio ut. Voluptate sint perferendis quasi quae delectus. Ut tempora laudantium delectus ad. Incidunt cumque vero quis ipsa fuga iste eius. Necessitatibus rerum et repellendus aspernatur eius sed. Aut in ab autem reiciendis dicta ea ipsa. Omnis et dolor at ad neque. Aut voluptatem ad officia expedita. Est aut voluptatem voluptatem. Vero explicabo excepturi corporis et. Tempore et ea quas omnis. Nulla inventore odio quae est rem explicabo officia. Qui cum accusantium laboriosam occaecati reprehenderit. Rerum quidem provident autem.', 1, 3, 'harum-ut-et-earum-et-accusantium-vitae-esse', 'https://lorempixel.com/640/480/?62712', '2018-04-01 12:25:28', '2018-04-01 12:25:28', ''),
(36, 'Et veritatis aut consequatur.', 'Quia id dolor voluptatum perferendis ut iste.', 'Quibusdam cum corporis consectetur enim distinctio aliquid. Qui et id maiores accusantium. Impedit quos sunt voluptas tenetur amet provident ut. Voluptas inventore placeat aliquid consequatur voluptas et. Cupiditate placeat laboriosam adipisci omnis quibusdam beatae. A odio quia quaerat perferendis est ut aperiam quibusdam. Consequatur beatae temporibus dicta voluptas sed et. Temporibus velit sequi aperiam odit quo. Et sed est repellat iusto quo accusamus. Totam iure ut dicta vel aut. Dolore hic facilis molestiae beatae debitis in. Consequatur dolorem distinctio atque alias. Iste perspiciatis et consequatur nihil amet molestiae sapiente. Qui blanditiis odio fugiat ad veritatis. Voluptas aut excepturi ut voluptates accusamus dolores et. Quia aliquid sed voluptatem eum quas ea. Nesciunt porro ducimus occaecati facilis quae. Qui et quasi unde asperiores libero. Repellendus sit aperiam quis voluptas voluptatum sed sed. Nesciunt aut et ex quis. Expedita reprehenderit magnam omnis numquam. Rerum optio dicta perferendis et quaerat enim assumenda.', 0, 1, 'et-veritatis-aut-consequatur', 'https://lorempixel.com/640/480/?16658', '2018-04-01 12:25:28', '2018-04-01 12:25:28', ''),
(37, 'Est temporibus optio nihil voluptatum aliquam.', 'Praesentium sit qui dolor voluptas eveniet optio.', 'Accusamus eos vitae saepe ex doloremque iste. Consequatur mollitia dolor id repudiandae. Ut assumenda non ex ut et. Praesentium quis quas ipsa exercitationem qui debitis. Ea quas minima repudiandae perspiciatis. Facilis qui ut et quia voluptatum labore itaque. Odit dolore expedita et optio exercitationem laborum et eum. Et officiis magni est. Commodi repellendus iste tenetur et quia. Aut sed sed provident praesentium maiores voluptas quisquam. Qui est quia distinctio magnam aliquid assumenda. Iure sit officiis delectus labore. Excepturi vel ullam culpa animi quo quia illum. Tempora provident aut sunt qui qui impedit nostrum. Inventore reiciendis reprehenderit dolores consequatur sunt placeat. Soluta cupiditate maiores natus sapiente rerum cum consequatur.', 0, 3, 'est-temporibus-optio-nihil-voluptatum-aliquam', 'https://lorempixel.com/640/480/?62651', '2018-04-01 12:25:28', '2018-04-01 12:25:28', ''),
(38, 'Non dicta reprehenderit dolores adipisci.', 'Labore ut voluptatem reiciendis.', 'Sequi minus quis animi sed non nulla veritatis. Nobis esse quas ut harum. Ut id perferendis ad est magnam dolor et. Recusandae ut aperiam quasi qui. Rerum ut voluptatibus esse ipsa ut non. Consequatur modi magni cumque culpa at. Nesciunt praesentium dolorem consectetur ipsam molestiae laboriosam aut qui. Facilis dolorum molestias facilis ut. Et incidunt quia rerum qui molestiae et non ad. Quia qui qui saepe voluptatibus dolor. Omnis natus animi quisquam et. Pariatur quibusdam dolor quod eum. Doloribus ut provident et praesentium ut. A et voluptas et omnis corrupti. Vitae molestiae ab et magni et ex. Ducimus atque temporibus consequatur officia porro tenetur unde. Sapiente qui quis iure quo sed laboriosam. Sed iusto maiores et qui quasi. Ipsam illo ut et ratione et voluptas. Eum eos aut aut ipsum quisquam molestiae sunt. Vel qui architecto enim. Et distinctio eligendi qui doloribus doloremque omnis. Et dolorem qui amet qui ut.', 1, 4, 'non-dicta-reprehenderit-dolores-adipisci', 'https://lorempixel.com/640/480/?50799', '2018-04-01 12:25:28', '2018-04-01 12:25:28', ''),
(39, 'Quia sunt consequatur ratione dolores debitis officiis.', 'Iusto facere quia et sequi magnam.', 'Qui quod consequatur incidunt modi. Ut similique aut et et animi. Quo velit pariatur voluptatem culpa a. Voluptatibus neque hic sit cupiditate. Nesciunt aperiam ex consequuntur quas natus. Quia fugit et voluptatum sit omnis accusamus. Natus omnis cumque est. Dolorem ullam dolores est veritatis amet. Officia in dolores mollitia. Quod voluptatum rerum quibusdam itaque quis nam. Et incidunt odio tenetur aliquam deserunt. Consequatur veritatis ut est doloremque dolorem. Commodi ea fugiat dicta non suscipit at. Qui sunt nemo illum dignissimos in dolorem sint. Porro esse autem facere voluptatem eum in eius corrupti. Sed nemo ipsum ratione est deleniti ut architecto. In quas corporis quibusdam esse provident rerum qui pariatur. Quia accusantium ea neque asperiores. Veniam modi quis voluptates quo veniam quaerat aperiam. Officiis sed quaerat in esse eum est. Cum qui cupiditate recusandae omnis illo voluptas est. Eveniet eum soluta quasi autem voluptas perspiciatis doloremque. Aperiam deleniti consectetur expedita asperiores omnis qui voluptatum. Quos temporibus fuga maiores autem eligendi.', 0, 3, 'quia-sunt-consequatur-ratione-dolores-debitis-officiis', 'https://lorempixel.com/640/480/?96652', '2018-04-01 12:25:28', '2018-04-01 12:25:28', ''),
(40, 'Eveniet doloremque rerum facilis repellat cumque.', 'Sed sequi ex at ut in ipsa.', 'Saepe nobis repellat excepturi voluptates. Aperiam nihil culpa voluptatibus amet adipisci dolor nihil. Iure labore quia rerum id animi provident. Id nemo laborum libero quas velit odit aspernatur. Id non assumenda consequatur id provident provident dolor. Ipsam qui corporis quia corporis libero dolorem. Error sint magni velit recusandae officiis omnis consectetur. Sed non nulla ut quisquam architecto laboriosam. Aut quia accusamus aut nemo. Ipsam placeat dolorum eligendi atque nihil qui voluptatem magnam. Quasi totam sed debitis iure ut dolorem est. Quia aut sequi ipsum. Quis labore veniam dicta qui magni est. Dolorum ullam ullam blanditiis commodi. Et repellat id corrupti velit temporibus recusandae ipsam. Quia nisi sit voluptas nobis perferendis. Atque omnis dignissimos ex rerum odit et eum. Molestias expedita quas eveniet autem exercitationem ab porro. Odio qui sunt praesentium rerum odit. Eos molestias voluptatum et itaque est inventore dolorem nobis. Architecto officiis voluptates mollitia provident. Dolorem voluptatem porro qui voluptas magni nemo eveniet. Voluptate quos illo aut. Qui eius porro vel aut voluptatem nostrum accusantium.', 1, 4, 'eveniet-doloremque-rerum-facilis-repellat-cumque', 'https://lorempixel.com/640/480/?84796', '2018-04-01 12:25:28', '2018-04-01 12:25:28', ''),
(41, 'Minima autem iste eum ut aliquam fugiat iste atque.', 'Tempora aperiam nulla eius ipsam et.', 'Asperiores et aliquid praesentium beatae. Quis harum ut occaecati quia. Ea molestiae cum dolorum soluta. Quasi praesentium velit nobis. Sit similique fugiat dolores doloribus non qui. Commodi repudiandae in est beatae ipsam. Neque impedit mollitia sed in. Consequatur rem voluptas assumenda. Fugiat et et et et sed facilis et laborum. Sit nulla ut corrupti occaecati repudiandae soluta. Sint totam veritatis mollitia. Aperiam odio fugit maiores eum aliquid tempore. Et dicta qui dolore et minima debitis. Vitae id illum molestiae vel tenetur vero reiciendis quae. Beatae non quis blanditiis dolores quo saepe. Ipsa qui ut voluptas. Inventore repellendus sint nihil ut iusto. Distinctio esse non quia excepturi. Deserunt delectus sed libero rem enim odio ullam. Laboriosam incidunt quod rerum tenetur quidem. Dolorum magni non est iste. Dolore omnis id est inventore officiis ipsam.', 0, 2, 'minima-autem-iste-eum-ut-aliquam-fugiat-iste-atque', 'https://lorempixel.com/640/480/?32547', '2018-04-01 12:25:28', '2018-04-01 12:25:28', ''),
(42, 'Magnam et suscipit et consequatur ut.', 'Quod a repellendus adipisci ut repudiandae et.', 'Odit et a aut vitae. Libero sequi sunt a perferendis quod consequuntur ipsum. Similique illum autem et et aut eveniet. Eaque eum in voluptas et sunt. Dolores aut maiores consequatur non recusandae odit. Voluptas accusantium officiis dignissimos optio quis voluptas. Eaque consequatur id magnam sed distinctio sunt amet. Optio in est magnam tenetur quasi. Vitae quis inventore dolor distinctio sunt aut molestiae voluptas. Et est similique animi et itaque numquam. Corrupti quaerat nisi a maxime quas non. Sint exercitationem sit quis minus a. Sit eos mollitia labore quo perspiciatis fugit in. Impedit adipisci voluptate doloribus similique nostrum totam aperiam. Praesentium aspernatur quod omnis eos. Non impedit amet earum enim corporis. Expedita ad nisi a deserunt delectus magni quo. Id officiis voluptas harum vitae omnis. Expedita cumque et natus quam dolores ut soluta. Est et in quasi veritatis. Reiciendis quibusdam distinctio quod sunt.', 0, 3, 'magnam-et-suscipit-et-consequatur-ut', 'https://lorempixel.com/640/480/?60569', '2018-04-01 12:25:28', '2018-04-01 12:25:28', ''),
(43, 'Sit iure eligendi laborum aspernatur nihil.', 'Quae nemo maiores sit est.', 'Consequatur enim asperiores odit ut. Hic dignissimos et in necessitatibus cum eos placeat. Facilis quia esse aperiam deleniti officia dolor libero. Sit voluptatibus suscipit magnam necessitatibus nobis veniam sint sunt. Ipsa ratione ratione qui est quam inventore alias. Dolor minima ipsa corrupti nostrum ea voluptate. Omnis aut iusto commodi quis rerum voluptatum et. Placeat molestiae eligendi sapiente id aliquid. Occaecati quia ut ut id suscipit. Praesentium aut quae omnis aut voluptatibus inventore. Ratione corporis hic molestias. Sunt eos ducimus esse enim porro et omnis adipisci. Consequuntur laboriosam dolorem labore harum. Sapiente amet non omnis praesentium velit non. Consequatur ex assumenda temporibus pariatur iste labore magni. Quibusdam sed voluptatum est. Excepturi aut dolor placeat autem iste. Ipsam dolores occaecati quis iste aut est molestiae. In neque non excepturi. Assumenda et reprehenderit accusamus veniam quis voluptatum nemo. Quia fuga molestiae ipsam optio et officiis. Voluptas nam esse voluptatibus exercitationem debitis commodi repudiandae. Saepe molestias nesciunt est. Sed hic aliquid tempore voluptatem temporibus assumenda. Blanditiis distinctio consectetur aspernatur qui. Omnis nulla nulla esse eligendi sequi unde. Aperiam mollitia sit ut optio rerum. Sunt in sed animi omnis eos necessitatibus repellendus.', 1, 1, 'sit-iure-eligendi-laborum-aspernatur-nihil', 'https://lorempixel.com/640/480/?63592', '2018-04-01 12:25:28', '2018-04-01 12:25:28', '');
INSERT INTO `posts` (`id`, `title`, `seo_title`, `content`, `is_active`, `category_id`, `slug`, `picture_name`, `created_at`, `updated_at`, `description`) VALUES
(44, 'Ea reprehenderit necessitatibus rerum corrupti placeat recusandae.', 'Repudiandae in adipisci id porro sed corporis.', 'Error blanditiis ad dignissimos voluptatibus dolorem perspiciatis. Sint qui atque id ut ab sapiente. A qui omnis qui. Reprehenderit enim totam omnis ut mollitia et. Itaque quia necessitatibus molestias perspiciatis. Dolores vero optio ea. Alias et aut eius. Et nam distinctio quia nihil. Earum voluptatum reprehenderit dolor. Neque iure quas quaerat iste. Magni quibusdam distinctio eum commodi ut voluptatem. Neque explicabo repellendus minus rerum distinctio molestiae enim. Eligendi beatae facere iure dignissimos praesentium fuga ut et. Quae voluptas sunt et voluptatem. Iusto eligendi dolore non doloribus. Cumque omnis iusto debitis non aut. Esse pariatur omnis qui adipisci assumenda facilis. Repellat quibusdam enim quidem repellendus. Dolore et officiis temporibus similique nulla vitae. Excepturi enim et eos iste quis natus. Omnis aut eaque alias debitis et libero porro.', 0, 4, 'ea-reprehenderit-necessitatibus-rerum-corrupti-placeat-recusandae', 'https://lorempixel.com/640/480/?39348', '2018-04-01 12:25:28', '2018-04-01 12:25:28', ''),
(45, 'Inventore consequatur accusantium ex.', 'Est est quisquam ducimus facere nam sint.', 'Ipsum quaerat et vitae laborum odio fugiat cumque. Hic asperiores sed eligendi aperiam dolores. Et harum ipsa a beatae distinctio error. Ut qui perferendis officiis eos dolore accusantium sunt. Rerum magnam excepturi ea nulla quisquam. Aut autem autem inventore est in dolor pariatur mollitia. Aut eos commodi quia dolor at ut. Doloribus ab quia totam architecto incidunt et omnis architecto. Qui et consequatur et voluptas nemo animi. Cumque quod doloremque fugit dicta. Eos ratione culpa nulla. Excepturi assumenda deserunt quidem doloremque excepturi dolorem consequatur rem. Et similique laudantium non rerum. Voluptates qui voluptas accusamus vel perspiciatis placeat. A sapiente sapiente officiis vel itaque repellat. Omnis sequi rerum ratione rem. Iste dolores dignissimos aut ipsam cumque consequuntur. Dolores aut temporibus ea eius necessitatibus distinctio. Doloribus aut inventore dolor omnis. Maiores similique ut suscipit eos ducimus quibusdam et. Recusandae et enim magni at commodi quo voluptatem. Dignissimos quibusdam quod in numquam dicta nulla. Expedita rerum voluptates est voluptatem aperiam. Voluptatum a qui soluta qui asperiores.', 0, 4, 'inventore-consequatur-accusantium-ex', 'https://lorempixel.com/640/480/?79226', '2018-04-01 12:25:28', '2018-04-01 12:25:28', ''),
(46, 'Et iusto sint officia quia tempora distinctio.', 'Nulla aut assumenda qui.', 'Velit aperiam sequi odit sint. Provident repudiandae qui aspernatur voluptatem. Sunt totam ea et rerum. Laborum sed deleniti at quos esse dolorum modi amet. Voluptatem consequatur sed et et aspernatur vero quia. Enim reiciendis rem consequuntur dolorum magni commodi laboriosam corporis. Optio dolores eum esse molestiae modi. Aperiam et dolorem non qui id est. Consequatur ducimus voluptate rem velit dolores. Et dolores debitis quis quisquam sapiente qui eaque voluptate. Aliquid tenetur fugit temporibus dignissimos aperiam. Ut dolores non mollitia libero sapiente. Fugiat doloribus eveniet molestiae dolorem nisi dicta. Velit voluptatem a cupiditate ullam. Officia earum consectetur commodi dolorem ad voluptates vitae. Architecto ducimus autem ad eveniet ducimus illo in. Id provident dolores minus blanditiis omnis perferendis. Dolor velit blanditiis ex tempora sed amet.', 0, 1, 'et-iusto-sint-officia-quia-tempora-distinctio', 'https://lorempixel.com/640/480/?94165', '2018-04-01 12:25:28', '2018-04-01 12:25:28', ''),
(47, 'Eaque repudiandae distinctio sequi qui placeat officia blanditiis et.', 'Totam facere reprehenderit aut voluptatum.', 'Perspiciatis est et numquam et minima. Deserunt perferendis minus in dignissimos corporis. Aperiam explicabo voluptatibus velit expedita saepe. Sint et consequuntur ex a fugit sed dolorum voluptas. Quis dignissimos quas sed modi. Omnis itaque cum et in. Eum autem laborum labore ea non aut. Voluptate consequatur hic sit voluptatem enim placeat. Consequatur ea itaque laboriosam possimus fugit. Ad aliquam quos et eum consequuntur. Reiciendis dolorum sit possimus mollitia temporibus qui aut. Quia totam neque in ea. Et id ipsam consectetur. Voluptas et veritatis cumque placeat. Cumque voluptatum natus sunt velit. Dignissimos est beatae ipsam et quia. Incidunt reiciendis repellat repellat nulla perferendis et qui. Cumque suscipit quia id dolorem commodi aliquid. Sunt nostrum voluptas placeat recusandae et est qui. Repellat cumque minima adipisci explicabo. Quae quia exercitationem vel illo. Cupiditate occaecati optio aut aut.', 0, 3, 'eaque-repudiandae-distinctio-sequi-qui-placeat-officia-blanditiis-et', 'https://lorempixel.com/640/480/?63451', '2018-04-01 12:25:28', '2018-04-01 12:25:28', ''),
(48, 'Expedita dolorem distinctio sed dolores.', 'Voluptatem rerum vel adipisci quo in.', 'Velit et sit facilis quia fuga. Iure vel dolores quas. Est occaecati placeat et illo in dolorem praesentium dolorem. Voluptas ab blanditiis sed asperiores inventore incidunt. Omnis sint voluptatem aut eveniet nostrum tenetur. Et sint possimus magni qui enim. Officiis quibusdam aut ipsum nihil suscipit molestias. Labore aut quae cupiditate similique voluptatem. Enim quos et quam culpa soluta sunt. Adipisci ipsa officiis debitis voluptatibus possimus. Cumque dolor sunt recusandae cumque error adipisci nemo ullam. Eum rerum a consectetur provident amet consectetur. Voluptatem dolore minus ipsam eveniet. At autem error officiis voluptatem. Debitis quisquam enim qui nisi.', 0, 4, 'expedita-dolorem-distinctio-sed-dolores', 'https://lorempixel.com/640/480/?44395', '2018-04-01 12:25:28', '2018-04-01 12:25:28', ''),
(49, 'Mollitia quia rem culpa facere enim pariatur.', 'In dolores nam minus ut.', 'Inventore laudantium sequi accusamus. Aliquam doloribus omnis sapiente vel. Quo consequuntur accusantium vel aspernatur eos eos. Odit velit aperiam rerum labore provident voluptatem necessitatibus. Est iure reprehenderit asperiores et nihil omnis. Qui laudantium non qui eos mollitia. Repudiandae molestias dicta sed et eos sint. Quia totam quos magnam earum et qui omnis voluptas. Ut in reiciendis quo praesentium. Ducimus laboriosam praesentium et ut voluptas aliquam eveniet. Quasi odit aliquid dolores tenetur. Exercitationem voluptas ut ea eligendi aliquam consequatur qui qui. Sequi labore fugiat aut mollitia possimus ab esse. Aliquam dignissimos officiis placeat amet ex.', 1, 3, 'mollitia-quia-rem-culpa-facere-enim-pariatur', 'https://lorempixel.com/640/480/?84691', '2018-04-01 12:25:28', '2018-04-01 12:25:28', ''),
(50, 'Soluta aut quia fugiat voluptatem tenetur.', 'Atque et et adipisci porro veritatis corporis vel.', 'Autem ut possimus omnis quaerat ipsum eum. Voluptatem in quis et repellendus iure. Animi tenetur non vel vero. In fugit aut iusto ipsam aut enim quam. A alias earum reiciendis ut dolorem ipsa eos qui. Repudiandae ut ut laudantium. Facilis voluptates voluptas quae necessitatibus quidem ab excepturi. Modi molestiae voluptatum soluta voluptas temporibus vel ut. Qui nihil repudiandae dolore possimus aliquid amet quia. Maxime distinctio odit provident numquam distinctio nulla quisquam dolore. Nobis tempora alias voluptate. Qui et ullam vero consectetur in sit beatae. Inventore sapiente non sed pariatur. Iure doloremque repudiandae tempora quam. Provident quo aut sed error. Fugit molestias et sit aut. Consequatur perspiciatis et nihil ut sed. Optio assumenda architecto unde quia quidem et eius. Quis laborum dignissimos natus quae. Tempore natus cum magni cum aliquid est. Sint explicabo perferendis et provident minima cum. Occaecati soluta optio illum sit dolor. Quaerat quisquam ea suscipit voluptatibus necessitatibus et. Ut culpa nemo harum facere.', 1, 4, 'soluta-aut-quia-fugiat-voluptatem-tenetur', 'https://lorempixel.com/640/480/?48993', '2018-04-01 12:25:28', '2018-04-01 12:25:28', ''),
(51, 'Ipsam aut libero aut voluptas magnam.', 'Similique pariatur quae alias placeat eligendi.', 'Iure aut sequi maxime cum facilis excepturi. Numquam illo illum quasi non. Dolorum sapiente sint libero iste voluptas ipsam itaque. Illo dolorem amet sint natus et nemo molestiae dolorem. Et nihil suscipit nisi velit sunt aperiam ea. Beatae sequi voluptatum numquam laborum optio vel et. Occaecati est fugit non rerum eos dolorem dignissimos. Voluptatem quae qui et ea molestias non quo itaque. Voluptas id blanditiis suscipit. Ab sit quas consectetur soluta. Quis repudiandae optio culpa nisi modi impedit. Iure culpa facilis iure et qui. Et error quia ducimus eaque architecto minus voluptatem. Sit doloribus laboriosam exercitationem temporibus occaecati fugit quaerat. Architecto quisquam ut ex distinctio aut quidem asperiores. Alias laudantium voluptatem laboriosam illum autem odio nesciunt placeat. Asperiores blanditiis neque cupiditate iure non et.', 0, 1, 'ipsam-aut-libero-aut-voluptas-magnam', 'https://lorempixel.com/640/480/?27508', '2018-04-01 12:25:28', '2018-04-01 12:25:28', ''),
(52, 'Voluptas debitis sed fugiat aperiam perferendis.', 'Maxime sed aut ea repellat rerum nihil facere.', 'Sit voluptatum facere accusantium qui. Ut illum laudantium aliquam et quo debitis tempore. Qui hic ut libero optio dolor sint. Quasi officia repellat omnis. Voluptatum voluptatum consectetur sint non animi id. Sequi sit mollitia voluptatem dolore numquam fuga quisquam. Esse corrupti dolores ut quia rem. Corporis cupiditate ducimus eius vitae magni. Facilis sed magnam beatae earum. Veniam dicta est sunt dolores aliquid. Eligendi est dolor aut quas. Reiciendis qui ea voluptas porro. Similique ratione inventore labore recusandae rem excepturi corporis. Porro ea enim temporibus et. Atque distinctio et qui assumenda nemo. Reiciendis velit autem qui distinctio explicabo adipisci.', 1, 3, 'voluptas-debitis-sed-fugiat-aperiam-perferendis', 'https://lorempixel.com/640/480/?46984', '2018-04-01 12:25:28', '2018-04-01 12:25:28', ''),
(53, 'Nobis fugiat enim praesentium voluptates.', 'Quod vel eius ea neque quia voluptate.', 'Earum molestiae et voluptas molestiae dolorem. Cumque sit quo et fuga ex aut porro. Quaerat corrupti voluptatem reiciendis ad consequatur vitae. Minus error sequi odit inventore molestiae sed voluptas. Quia qui natus voluptatem labore nostrum ratione. Sint quo quis distinctio qui est molestias dolores. Delectus provident nulla minima quibusdam. Veniam quo ut quaerat aut aut. Libero et id et ex. Placeat omnis debitis voluptate consequuntur quis. Consectetur dignissimos eveniet nobis omnis est consectetur. Esse numquam sequi aperiam maxime. Nihil consectetur rerum dolores provident perferendis. Ea at esse amet. Asperiores odio sed totam aut. Cumque repellendus ea mollitia ipsum. Corporis rerum voluptas culpa. Ut doloribus mollitia impedit qui rerum omnis praesentium.', 1, 4, 'nobis-fugiat-enim-praesentium-voluptates', 'https://lorempixel.com/640/480/?87679', '2018-04-01 12:25:28', '2018-04-01 12:25:28', ''),
(54, 'Ipsa aut vitae alias dolorem nisi possimus architecto sit.', 'Quas quibusdam omnis earum esse voluptates nulla.', 'Dolorem eum molestias et sed non. Similique ut minus ut veniam sit. Tempora fugiat debitis blanditiis culpa odit. Velit aperiam amet aut alias aspernatur tempore velit. Dolorum qui reiciendis voluptatibus voluptate magni expedita voluptatem. Ut magni quisquam ipsam dolorum facilis repudiandae. Vel aut culpa beatae ipsum reprehenderit corrupti corrupti. Sapiente dolorum perferendis qui nemo molestias debitis et. Quidem inventore commodi eos est aut et. Ipsam aliquid placeat commodi vel iste culpa optio et. Expedita non ipsa et sapiente. Est cupiditate hic tenetur. Reiciendis voluptates qui nihil est tenetur. Minus sed est omnis vero. Unde facilis nihil eveniet necessitatibus ipsa libero omnis. Fugiat quis saepe nisi harum beatae aliquam architecto adipisci. Porro ea cum voluptatem. Quo et id velit eum praesentium. Explicabo et consequatur repellendus quaerat voluptatem. Incidunt optio voluptatem perspiciatis non laboriosam quae quia.', 0, 2, 'ipsa-aut-vitae-alias-dolorem-nisi-possimus-architecto-sit', 'https://lorempixel.com/640/480/?11428', '2018-04-01 12:25:28', '2018-04-01 12:25:28', ''),
(55, 'Id esse nemo et.', 'Aut eum ratione laborum delectus eos neque.', 'Neque est dolor laudantium aut eos soluta. Eius aut esse quod optio quidem minus ea. Est quia voluptas aut architecto dicta. Nam vero ea est molestiae omnis non. Error iusto reiciendis alias autem. Rerum placeat recusandae reprehenderit dolor. A explicabo id ut eos consectetur. Molestiae maxime omnis voluptatem quod iure consequatur. Quod at impedit nisi est necessitatibus. Modi qui porro saepe. Nam perferendis quos quia. Iste expedita quos quo. Ex ex aliquam laboriosam. Ea eum fuga magnam velit nihil laudantium aliquam.', 0, 4, 'id-esse-nemo-et', 'https://lorempixel.com/640/480/?21151', '2018-04-01 12:25:28', '2018-04-01 12:25:28', ''),
(56, 'Est ut cum velit et rerum.', 'Nobis natus ab eos ut ducimus laudantium quia.', 'Aperiam maiores iusto eum nesciunt maiores similique. Voluptas rerum et repudiandae. Magnam eveniet maiores ducimus. Et et asperiores modi est. Omnis molestias qui perspiciatis fugit quaerat voluptatibus quis. Temporibus eum aut rerum aliquam nulla aliquid et. Saepe autem omnis eum corporis rerum provident at. Aspernatur fugit nulla et reprehenderit laborum sit aut tempore. Minus vel dolore et et voluptatem. Et omnis atque nisi quia expedita. Voluptatem sed et magni est est consequatur. Et nemo corporis ipsum recusandae officiis magnam harum deleniti. Corporis ut laboriosam nihil voluptas dicta dolorem provident. Aut repudiandae optio omnis in in eos. Illo dolor eos est sapiente ut laudantium. Nulla delectus et voluptates. Et aut fugiat nulla aut et quia. Hic blanditiis voluptas rem id ipsa fugiat. Impedit consequatur nesciunt numquam ratione minus quaerat. Quod iusto soluta autem impedit odit at. Id sed ut sint a quia itaque expedita.', 0, 3, 'est-ut-cum-velit-et-rerum', 'https://lorempixel.com/640/480/?56352', '2018-04-01 12:25:28', '2018-04-01 12:25:28', ''),
(57, 'Iure cumque corporis quo corrupti.', 'Ut rerum ea reiciendis tempore.', 'Minima aut quidem ullam a quae incidunt. Deleniti ducimus rem in earum vero temporibus deserunt sequi. Quisquam facilis consequuntur natus modi autem. Et quaerat commodi officia. Qui perspiciatis reiciendis quod enim vitae voluptatum natus. Sunt odio ut dolor. Sed sunt quod ipsam itaque quia aut ratione eos. Doloremque nulla repellat voluptatem amet nemo quidem. Ab eligendi labore ut aut. Maxime amet laboriosam recusandae accusantium nemo. Rem et incidunt provident dolorem libero voluptatum deserunt tempore. Sint in est voluptatibus dolorum animi consequatur. Perferendis necessitatibus sit quis recusandae molestiae deserunt. Rerum voluptate velit ipsam ut quae dolorem omnis. Accusamus ut aspernatur officiis nulla ad odit id. Et ut consectetur adipisci aliquam aut consequatur. Laboriosam eligendi nihil dignissimos voluptas omnis. Iste voluptatem odit pariatur pariatur. Totam doloremque consequuntur ut odio. Non commodi est error eos libero. A explicabo aut molestiae quia sed ullam. Perspiciatis est ducimus molestiae saepe quas. Ut velit omnis vero illo porro alias eos consequatur. Et sint cupiditate qui et dolore doloribus. Autem veritatis autem saepe perspiciatis facere repellendus sint.', 1, 3, 'iure-cumque-corporis-quo-corrupti', 'https://lorempixel.com/640/480/?81377', '2018-04-01 12:25:28', '2018-04-01 12:25:28', ''),
(58, 'Praesentium officia et quis vero ipsam voluptas qui.', 'Et autem vel ex odit.', 'Excepturi tenetur atque earum deserunt. Delectus quidem veritatis ut dolorum quos et magni. Voluptatem eius iusto exercitationem sit. Quibusdam minus atque ut voluptate iusto aliquid. Itaque eligendi et quidem facere. Culpa dignissimos praesentium beatae rerum eius odit qui. Eos voluptatem totam in aut quasi. Exercitationem reprehenderit ipsam non eos consectetur aspernatur reprehenderit. Perferendis quod aut inventore. Minus officia aut placeat corrupti. Sed reiciendis sit totam quia. Enim illo iure amet. Blanditiis quam ut rem veritatis est voluptas dolores nulla. Aliquam facere quos veniam in est. Doloribus autem ad aut nihil. Qui in voluptate eos perspiciatis. Voluptas est et deleniti et eum.', 0, 3, 'praesentium-officia-et-quis-vero-ipsam-voluptas-qui', 'https://lorempixel.com/640/480/?63984', '2018-04-01 12:25:28', '2018-04-01 12:25:28', ''),
(59, 'Quisquam corporis quae modi omnis aut.', 'Repudiandae nesciunt corporis aut aut minus.', 'Quia quia iure provident adipisci quia ut. Nam officia voluptatum laborum et esse et. Ullam natus quia cum eos voluptas. Minus esse maxime quasi beatae doloremque et vel. Minima laudantium odit voluptatum incidunt similique quam. Rem qui saepe iure rerum. Vel reiciendis mollitia omnis voluptatum consequuntur. Ut nemo est soluta. Mollitia commodi aperiam et. Vel aliquam quidem omnis. Recusandae qui dolores voluptatem odio qui consequatur voluptatem. Magnam quibusdam facere ipsum vel repellendus. Id repudiandae aperiam quisquam. Consequuntur sunt totam commodi perspiciatis impedit impedit eligendi optio. Recusandae iure pariatur alias et atque architecto. Sed in optio accusantium qui. Omnis ipsum necessitatibus rerum vitae qui illum. Ut autem eaque voluptas quo ipsam praesentium. Recusandae et quia id porro dolorem voluptatibus. Aut optio aut quisquam. Sed esse illum est unde ex placeat quas. Officia quia et odio ducimus eligendi molestiae ullam. Amet consequuntur saepe earum. Excepturi modi vel similique et et odio. Laudantium praesentium ad rerum deserunt ea consectetur. Magnam omnis et quod et. Minus quae harum repellat reiciendis asperiores et dolores incidunt. Quasi aliquid a ut deleniti voluptate et.', 1, 2, 'quisquam-corporis-quae-modi-omnis-aut', 'https://lorempixel.com/640/480/?44059', '2018-04-01 12:25:28', '2018-04-01 12:25:28', ''),
(60, 'Recusandae explicabo consequatur tempore et aut quas.', 'Fugiat vero dolores sequi in velit quae odit.', 'Sunt earum consequuntur et similique. Rerum enim rem qui consectetur minus. Atque iure laboriosam alias. Ad deleniti ullam pariatur. Aut et facilis dolorem libero. Qui unde impedit nisi sed repellendus doloribus. Sunt numquam nemo cupiditate consequatur quis. Dolore id animi fugit reprehenderit ea quibusdam ratione. Et quibusdam reiciendis magnam vero est. Maiores voluptatem excepturi sunt error. Modi rerum odio officiis assumenda accusamus harum atque aut. Numquam reiciendis reiciendis assumenda et fugit hic quos. Debitis quia est facere esse ipsum quia et. Qui ratione officiis aut culpa expedita consectetur. Sed ut commodi incidunt quam soluta veniam et. Est voluptas doloribus autem qui in a. Esse deserunt asperiores in asperiores dolorem. Quis vel earum aliquid pariatur et voluptas. Maiores sed cum qui dolor mollitia. Amet ad nihil delectus magni placeat voluptas. Quos sit porro ipsa sint perferendis repellat minima. Occaecati numquam sed unde.', 0, 3, 'recusandae-explicabo-consequatur-tempore-et-aut-quas', 'https://lorempixel.com/640/480/?94904', '2018-04-01 12:25:28', '2018-04-01 12:25:28', ''),
(61, 'Est ipsa sint sit omnis perferendis ratione consectetur ut.', 'Porro incidunt aut sed ullam itaque.', 'Illo eaque consequuntur excepturi aut. Explicabo non adipisci dolores consequatur. Quo voluptatem et eius saepe iusto quos voluptatibus ipsum. Aspernatur natus adipisci eius aliquam sit sequi ducimus autem. Sit unde non sit ratione sequi atque. Voluptatem neque veritatis sed deserunt ut earum. Sit voluptatem corporis id ad iste. Ducimus porro aliquid et vel illum corporis. Facilis minima rerum quia vero autem dolorem et. Expedita dolore nesciunt eos veritatis necessitatibus eius expedita nisi. Amet praesentium quae ipsam qui sint fugiat molestiae dolorem. Et et assumenda recusandae illum eos officiis. Aut voluptate ut ut voluptates. Sit aut maxime fugiat similique aut ut. Voluptatibus itaque consequuntur ut natus nam. Cupiditate accusamus voluptatem eius enim. Eum reiciendis omnis aspernatur eum voluptatum. Nam sunt at libero est illo. Est accusantium doloribus voluptas voluptates dolores laborum. Eius rerum ducimus vel culpa qui labore quaerat. Qui sed pariatur recusandae facere. Ut veniam perferendis ut facilis incidunt enim. Odit doloremque nihil enim. Rem natus sed qui est molestiae. Temporibus qui est est rerum. At laudantium aut vel voluptas numquam dolore enim. Iusto eaque neque inventore iure dolores expedita facilis. Aut veniam possimus dolor dolore dicta nobis eaque.', 0, 3, 'est-ipsa-sint-sit-omnis-perferendis-ratione-consectetur-ut', 'https://lorempixel.com/640/480/?28494', '2018-04-01 12:25:28', '2018-04-01 12:25:28', ''),
(62, 'Quo expedita quia sit dolorem laborum sequi.', 'Asperiores facere tempora molestias sunt.', 'Maiores nihil nesciunt totam et expedita. Sed aspernatur adipisci dolores rerum nam. Dolore itaque nulla consequatur quia et ipsam. In voluptatem est quo incidunt ab. Nam ab aut voluptatem temporibus a. Esse repellendus illo animi et. Corrupti suscipit neque quae iusto aliquid laboriosam beatae. Facilis voluptatum maiores molestias dolor et laudantium. Enim voluptatum in perspiciatis nulla. Quas id optio reiciendis qui nisi. Est repellat sit quia nemo aut harum et. Eius cupiditate quo ratione sint quibusdam ea delectus. Commodi ea laborum illum deserunt incidunt. Doloremque explicabo omnis nostrum temporibus vitae aliquid qui. Qui est est molestiae ipsa totam. Expedita et est nulla suscipit et. Est id voluptatibus nulla qui tenetur eos aliquid illo. Quia ipsam consequatur sit ipsa. Enim debitis voluptatem esse expedita commodi. Ad molestiae quas illum beatae animi ipsam nisi dolor. Repellendus vitae eum ea provident sunt. Eveniet animi ut eos dolorem consequatur. Mollitia quia nam rerum quidem aut nobis. Deleniti quisquam quia rem.', 0, 4, 'quo-expedita-quia-sit-dolorem-laborum-sequi', 'https://lorempixel.com/640/480/?51675', '2018-04-01 12:25:28', '2018-04-01 12:25:28', ''),
(63, 'Corporis qui eum a aliquid inventore.', 'A facilis a est odit. Ad aliquid laudantium et in.', 'Provident quisquam quia asperiores minima. Voluptatem repellendus voluptas sunt sit. Error temporibus quis ducimus. Quam a voluptas tempora ipsam. Id voluptatem a consequuntur velit nisi dolores. Qui omnis est neque qui dignissimos. Veniam minima libero unde exercitationem. Recusandae aliquid ea ut dolorem et. Nostrum corporis est vel repudiandae. Enim velit necessitatibus et nam dolor omnis. Consequatur excepturi est totam aut ipsa deleniti atque corporis. Nobis doloribus et dicta excepturi aut dolores dignissimos. Consequuntur cupiditate libero autem quae. Consequuntur voluptates itaque id. Fugiat dicta placeat pariatur magni quis. Accusantium sed ea ipsam deserunt nihil. Laboriosam beatae magni nihil consequatur consequatur. Eligendi ut ut nulla eaque. Ab fugiat rem nostrum ad dolorum omnis. Et qui eaque ullam ducimus. Vel laudantium veniam voluptatum perferendis recusandae.', 0, 3, 'corporis-qui-eum-a-aliquid-inventore', 'https://lorempixel.com/640/480/?14887', '2018-04-01 12:25:28', '2018-04-01 12:25:28', ''),
(64, 'Quo vitae nesciunt voluptas iusto quae maiores.', 'Dicta est corporis aut.', 'Asperiores quas qui et voluptate quas. Architecto sed deserunt qui non aliquam. Veniam molestiae corrupti ut exercitationem sed voluptatibus sunt et. Nihil repudiandae ex rerum quae. Quia rerum fuga aut ut ea quas vel. Laboriosam harum assumenda ut et et aut veniam. Impedit alias ea impedit. Earum perferendis deleniti in eaque molestiae id modi. Illum iste id nihil exercitationem rerum sunt. Ipsa recusandae ut explicabo eum. Soluta sunt cum similique officia. Ut quibusdam ut dolor qui itaque. Sit quos provident voluptatem qui id ut. Sed repudiandae est laboriosam quas quos. Ut rerum modi deleniti est dicta nisi dolor. Autem qui aut illo eveniet ut et. Natus odit ad temporibus beatae. A qui et nisi natus occaecati cupiditate est. Vel maxime in ut. Non sunt dolorem est ex. Ab voluptate alias velit est. Aut magnam tenetur fugit itaque. Est laudantium nemo voluptate quia. Reiciendis temporibus voluptas aut voluptatem ipsam illum harum. Quas nisi necessitatibus dicta sed odio. Magnam eveniet voluptas ea quibusdam officiis. Impedit odio nostrum accusamus id impedit nam aut. Totam et suscipit voluptatum laboriosam id hic architecto et.', 1, 3, 'quo-vitae-nesciunt-voluptas-iusto-quae-maiores', 'https://lorempixel.com/640/480/?21996', '2018-04-01 12:25:28', '2018-04-01 12:25:28', ''),
(65, 'Quidem voluptate id quas qui reprehenderit repellendus modi.', 'Neque unde dolor quia quaerat qui fugiat.', 'Vitae asperiores facere ut maiores fugit qui. Id aliquam fugit sequi corrupti. Voluptatem maiores aperiam est rem voluptates officiis. Id dolorum rerum repellat. Voluptas veritatis sit soluta non consequatur. Magnam aut vel suscipit deserunt et et ea. Velit unde minus occaecati numquam. Cumque est eligendi accusantium omnis quisquam. Architecto facilis illum pariatur consectetur cupiditate minima omnis. Omnis beatae harum tenetur enim. Beatae fugit sit error consequuntur officiis et ex. Qui voluptatem excepturi asperiores reprehenderit veniam et consectetur. Sunt molestiae ratione odio enim quidem id.', 1, 2, 'quidem-voluptate-id-quas-qui-reprehenderit-repellendus-modi', 'https://lorempixel.com/640/480/?45929', '2018-04-01 12:25:28', '2018-04-01 12:25:28', ''),
(66, 'Officiis dicta omnis sint sequi.', 'Ut ut qui necessitatibus et illo quia.', 'Non sapiente vel omnis non et voluptatem est. Et adipisci nisi distinctio omnis laborum. Rerum nisi minima expedita iure repudiandae quas. Magni neque assumenda magnam voluptatem eius tempore. Exercitationem deleniti nam blanditiis minima autem. Asperiores fuga earum nemo architecto. Quasi consectetur quidem ut ea qui. Culpa provident cupiditate non nihil corporis. Optio eos dicta libero mollitia velit dicta. Veniam magnam ab maxime et. Aliquid vitae ab quasi consequuntur qui aut id voluptas. Non dicta quia fugiat aut veritatis vel. Id aut vel voluptates eligendi soluta ut repudiandae. Necessitatibus veniam aliquam ipsa optio et tenetur. Autem qui numquam dolore eum est. Numquam illum qui ab nisi est aut. Non vero omnis soluta. Et dolorem quis aliquid ut facere consequuntur ut. Molestiae at quia molestiae numquam. Pariatur debitis veritatis qui. Iusto aut aut qui est laboriosam reiciendis laudantium. Praesentium rem eaque et explicabo et harum. Repellat temporibus ipsam voluptas repellat dolores veniam. Itaque voluptatem aspernatur quas numquam laborum. Officia ut maiores ducimus et aliquam a. Dolorem ea dolores accusantium officia impedit dolor sed qui. Aspernatur nam accusantium similique sit necessitatibus.', 0, 3, 'officiis-dicta-omnis-sint-sequi', 'https://lorempixel.com/640/480/?76420', '2018-04-01 12:25:28', '2018-04-01 12:25:28', ''),
(67, 'Dolorem quae doloremque tenetur maiores similique ipsa et.', 'Quo sapiente sunt dolor reiciendis.', 'Eaque deserunt temporibus delectus sint dolores consequatur. Voluptas soluta qui quam assumenda consequuntur. Illum sapiente molestiae qui eos quas. Nostrum quidem voluptate qui. Omnis ut est voluptate. Voluptatem provident dolore alias illo perferendis. Impedit tenetur rerum eum distinctio officiis quae. Non repellat eveniet et qui exercitationem. Ut repudiandae libero eum et expedita. Aliquam maxime optio laboriosam aspernatur accusamus esse voluptatem. Qui omnis repellat labore fugiat optio enim alias. Soluta commodi qui exercitationem minus iusto sit quasi. Et aperiam ratione voluptatum. Et rerum autem ipsa dignissimos.', 1, 3, 'dolorem-quae-doloremque-tenetur-maiores-similique-ipsa-et', 'https://lorempixel.com/640/480/?56077', '2018-04-01 12:25:28', '2018-04-01 12:25:28', ''),
(68, 'Dolorem aut impedit vel voluptas ullam.', 'Excepturi asperiores eligendi reiciendis ut.', 'Minima recusandae velit non tempore. Et cupiditate dolore qui. Non adipisci neque sapiente eligendi. Nisi corrupti numquam reiciendis dolorem nihil eligendi fugit. In cumque et aliquam ut porro quo et quos. Reiciendis est non inventore distinctio natus libero. Totam error dolorum saepe quibusdam. Et eligendi vitae alias eius quis praesentium. Quaerat sint doloribus quia totam et est omnis. Provident sunt quas quidem vero. Porro delectus iste itaque et dolores. Eum veritatis aspernatur earum voluptatem eos blanditiis eum. Mollitia reprehenderit recusandae nam minus. Eos praesentium illum aliquid vitae eum. Ex doloribus quia error cumque quia sint. Aut eligendi illo aut autem et optio quo qui. Eos at voluptatem eveniet vitae ipsam voluptatum nisi. Et nam debitis facere quia est aut. Cumque officiis temporibus excepturi autem recusandae. Consequatur molestias nesciunt veniam dolores vel. Distinctio ut et sed quas omnis nisi harum.', 1, 3, 'dolorem-aut-impedit-vel-voluptas-ullam', 'https://lorempixel.com/640/480/?81459', '2018-04-01 12:25:28', '2018-04-01 12:25:28', ''),
(69, 'Ducimus unde voluptatem sequi temporibus sit facilis.', 'Et eius corrupti ut quo.', 'Architecto et voluptatibus natus error odio dignissimos et. Officiis est molestiae et earum vel iste magni. Tempora et dolorem dolores dicta et est. Eum ut blanditiis sit voluptatum aut. Fugit nihil nesciunt quisquam provident illo quod quia. At nihil cumque odit repellendus dolorem. Qui quo voluptatem aut cumque nobis doloribus et. Dolorum beatae est laborum recusandae dolor vel ipsa. Ipsa assumenda voluptatem sequi. Nisi velit nam voluptatum architecto. Quia labore recusandae ratione ea quas harum officiis. Voluptatibus quia illum pariatur fuga sunt alias qui quam. Distinctio deserunt adipisci aut voluptatum vel. Quia sunt dolorum maxime et minima dolores enim. Similique asperiores et aut aut in quibusdam est.', 1, 4, 'ducimus-unde-voluptatem-sequi-temporibus-sit-facilis', 'https://lorempixel.com/640/480/?74767', '2018-04-01 12:25:28', '2018-04-01 12:25:28', ''),
(70, 'Quo molestiae vel ut velit vel dolor aliquam.', 'Dicta modi modi saepe debitis eaque unde vel id.', 'Deserunt a unde autem facilis natus provident incidunt. Repellendus at quisquam reiciendis dignissimos adipisci. Autem labore incidunt quidem est delectus illum. Quia enim aperiam molestias illo deleniti. Possimus sequi non voluptas iusto maxime eaque sit. Qui maiores tempore consectetur consequatur. Suscipit et tempora tempora. Magnam ut cumque ipsum rerum quia. Est quia tenetur animi. Asperiores reiciendis eos quibusdam sed mollitia in sed. Explicabo odit et non architecto quibusdam. Ipsam expedita nihil ut velit officia hic. Commodi sunt dolore rerum qui neque architecto vitae dignissimos. Et quis ipsum consequatur autem provident reiciendis. Iste dolorem aut natus porro. Non id quis mollitia quod maxime et qui. Maxime aut pariatur temporibus accusantium. Ex et et maxime sapiente. Non explicabo molestiae quidem. Sit ullam et eos est.', 0, 4, 'quo-molestiae-vel-ut-velit-vel-dolor-aliquam', 'https://lorempixel.com/640/480/?66558', '2018-04-01 12:25:28', '2018-04-01 12:25:28', ''),
(71, 'Natus a voluptatibus recusandae provident.', 'Qui autem officia sequi laborum.', 'Est quisquam enim id debitis cum. Corporis itaque soluta temporibus sed. Voluptas veniam ut incidunt voluptas ut dolores. Incidunt voluptatum ea impedit quis enim. Quo deleniti voluptas molestiae reprehenderit. Ratione voluptas quia accusantium. Dolor sequi voluptates voluptatibus. Hic rem dicta rerum cupiditate corporis eos minima. Molestiae nostrum ut incidunt est. Atque quibusdam aliquam vel laboriosam at aut placeat. Natus aliquam quis hic. Sequi quo est atque incidunt consequatur reiciendis. A repudiandae repudiandae adipisci non dolorum voluptatem consequatur. Expedita qui modi eum architecto repellendus. Velit qui dolorem aspernatur delectus cumque perferendis aut eos. Ducimus recusandae nemo quibusdam vitae iusto mollitia. Veritatis doloremque quidem non quam et dignissimos voluptatem voluptatem. Cum non libero dolorum corrupti. Dolor itaque rerum odit asperiores ipsam. Explicabo dolor commodi quae et dolorum nisi. Soluta fugit incidunt cumque quae dignissimos numquam. Et praesentium tempore facere est veniam numquam aut.', 1, 4, 'natus-a-voluptatibus-recusandae-provident', 'https://lorempixel.com/640/480/?62507', '2018-04-01 12:25:28', '2018-04-01 12:25:28', ''),
(72, 'Nulla dolor et omnis sint aspernatur rerum.', 'Consequatur ducimus sed sint.', 'Rerum iusto suscipit corporis laborum nisi rerum alias. Ipsum quae odit minus reprehenderit optio magni iusto sapiente. Laudantium reiciendis ducimus qui aut exercitationem cumque. Sapiente corrupti enim ipsa veritatis eum ea. Repellat velit et voluptatem voluptas inventore ut. Expedita aspernatur distinctio pariatur earum ut distinctio et. Repudiandae omnis et odio ab quo sunt. Occaecati cumque maiores voluptatem explicabo eos deserunt. Ullam nobis rem amet et. Sint sit doloribus fugit dolores quis sunt eaque. Laboriosam consectetur et dicta quasi. Hic deserunt debitis quia quia. Voluptas nesciunt consequatur laudantium nesciunt non quia. Eos quo magnam sapiente. Officia qui ea nesciunt. Aspernatur aliquam et libero ex. Reprehenderit odit rerum voluptas itaque. Ullam vero eius eveniet consequatur quis debitis sit sequi. Soluta tempore alias molestiae est voluptatum reiciendis commodi maiores.', 0, 2, 'nulla-dolor-et-omnis-sint-aspernatur-rerum', 'https://lorempixel.com/640/480/?89712', '2018-04-01 12:25:28', '2018-04-01 12:25:28', ''),
(73, 'Tempora temporibus voluptas labore illum.', 'Omnis id omnis magnam laboriosam impedit sit est.', 'Praesentium ipsum veniam non dolores repudiandae. Sed ut accusamus incidunt itaque expedita magnam. Enim et voluptatem quos beatae id eum inventore quo. Occaecati aperiam qui ut fugiat iusto dignissimos eius. Rerum unde repellendus odio consequatur autem aliquam. Minus id amet est. Perferendis et porro maiores voluptatem et id quasi. Et ea mollitia aliquam. Vitae reiciendis similique aperiam vel cupiditate sequi autem impedit. Ea sed autem quaerat. Doloribus nesciunt quia voluptatem voluptatum corporis. Odio hic repudiandae illo beatae. Quia quia tenetur inventore quasi sed.', 0, 4, 'tempora-temporibus-voluptas-labore-illum', 'https://lorempixel.com/640/480/?50526', '2018-04-01 12:25:28', '2018-04-01 12:25:28', ''),
(74, 'Earum non et non itaque.', 'Aut et ab odio totam esse eos.', 'Et et non nihil. Praesentium veniam optio aspernatur magnam vitae. Voluptas ut recusandae excepturi harum laboriosam dolorem. Est voluptatibus reiciendis ut quo nihil deserunt. Nihil id a ea amet facilis. Quidem quo iste sapiente veniam sequi repellendus est consequatur. Fuga consequuntur nemo ab delectus consequuntur aut quia. Quo et consequatur consequuntur itaque similique veniam culpa. Dicta sapiente facere ea necessitatibus sequi. Repellendus culpa occaecati ut eum quo. Dolorem eum illum consequatur rerum temporibus dolor. In nemo illo aut non rerum. Dolorum quos nemo dicta. Sed iste nisi ut voluptas error velit. Ad ducimus ea ea inventore ad eius dolor. Blanditiis qui quam facere commodi. Ratione nam odio est sit rerum delectus rerum. Aut et nesciunt placeat aliquam natus. Est culpa nulla rerum dolores aut dolores. Nemo non veniam nobis vel ipsa laudantium. Sint sit perspiciatis dolorem provident dolor. Autem voluptate sed est aut quasi vitae. Beatae eligendi eum vel. In et explicabo est sit dolorem. Ullam ipsum officia et quia quam. Fugiat velit eum recusandae odio hic. Inventore error quod ipsam.', 1, 1, 'earum-non-et-non-itaque', 'https://lorempixel.com/640/480/?30391', '2018-04-01 12:25:28', '2018-04-01 12:25:28', ''),
(75, 'Praesentium dolorum quibusdam voluptatem sint dolorem quasi est.', 'Et molestiae dolorum sunt quia quaerat.', 'Recusandae vel occaecati et enim. Enim modi iure non velit consectetur. Ad sed enim debitis est voluptatibus inventore. Quidem distinctio vero aut quam. In aut libero eum. Aut sit quis hic velit provident. Eius reiciendis adipisci debitis odio. Totam consequatur necessitatibus totam molestias delectus. In voluptatum alias corporis voluptatem distinctio repudiandae. Earum consequatur sunt consequatur aut asperiores nam. Omnis error iure sed laudantium id praesentium. Earum et est neque. Vitae hic et eligendi ullam ex nihil enim rerum. Aut est voluptatem ut.', 1, 2, 'praesentium-dolorum-quibusdam-voluptatem-sint-dolorem-quasi-est', 'https://lorempixel.com/640/480/?17816', '2018-04-01 12:25:28', '2018-04-01 12:25:28', ''),
(76, 'Harum nisi labore vel.', 'Qui ut minus necessitatibus.', 'Rerum autem vero voluptatem rerum. Explicabo aut eos officia. Dolor enim autem beatae. Consequatur ut id aut cumque omnis neque ut. Quia ut dolorem labore dignissimos. Iste alias sint delectus illum commodi enim laboriosam. Quia deserunt omnis sit et. Enim ipsam consectetur porro voluptatem vel totam. Quo omnis dolores nihil dicta dignissimos. Non recusandae assumenda minima aut magnam incidunt suscipit. Quod rerum pariatur repellendus voluptatem. Unde facilis error alias. Veniam est est commodi et itaque asperiores. Recusandae cum mollitia magnam est voluptatem sed. Illum voluptatem non et non molestias possimus. Nostrum voluptate veniam in corporis officiis est consequatur. Fugiat sed cupiditate modi deleniti qui aperiam.', 0, 3, 'harum-nisi-labore-vel', 'https://lorempixel.com/640/480/?94186', '2018-04-01 12:25:28', '2018-04-01 12:25:28', ''),
(77, 'Magni omnis illum voluptatem nemo maxime unde.', 'Ut accusantium voluptas velit expedita.', 'Expedita eum inventore odit ratione. Alias explicabo vel cupiditate ut sed libero. Rem ut ipsam aut deleniti voluptates. Corporis consequatur accusamus iste exercitationem. Impedit quia non et et. Culpa autem ad consequatur a et beatae. Voluptas eos qui nisi. Dicta optio adipisci et alias accusamus sed qui porro. Explicabo quisquam mollitia doloribus in incidunt voluptates veritatis vero. Soluta accusamus similique mollitia explicabo beatae minima. Incidunt quae quod ipsa dolorem neque nesciunt quasi officiis. Esse iure dicta harum mollitia quia cupiditate. Ut non in sint aliquid. Cum esse mollitia aspernatur non sint blanditiis. Fugit et odio ea debitis quisquam est autem. Quos consequatur fugiat consequatur non omnis. Sunt est aut quaerat molestiae. Molestiae soluta nemo qui et magnam non. Tenetur ducimus et qui eum eligendi neque facilis sunt. Suscipit autem enim voluptatem et enim tempore. Nulla et vero aliquid quam totam. Reiciendis eius totam voluptas. Natus eum itaque omnis in occaecati. Impedit aspernatur molestiae recusandae aut est adipisci. Vero blanditiis ut sit adipisci.', 0, 2, 'magni-omnis-illum-voluptatem-nemo-maxime-unde', 'https://lorempixel.com/640/480/?28103', '2018-04-01 12:25:28', '2018-04-01 12:25:28', ''),
(78, 'Voluptatum itaque unde accusamus blanditiis quia quibusdam ea hic.', 'Aut dolores harum nostrum.', 'Dolorem magnam similique pariatur. Totam dolorum facere quis numquam. Qui officia perspiciatis molestiae ut ducimus. Reprehenderit eum saepe voluptatem excepturi. Minima quia quibusdam excepturi velit. Et delectus voluptatum adipisci numquam voluptatem qui. Et blanditiis adipisci fugiat cupiditate. Sit consequuntur iure ipsum. Quis nulla dolor praesentium deserunt. Fugiat quibusdam saepe explicabo aliquid. Blanditiis aut aliquid omnis ducimus sint velit eum. Ab voluptatem pariatur quas temporibus repellat perferendis. Qui ut sequi saepe mollitia. Cum ea sint tempora et et sint. Sint omnis ratione recusandae consequatur. Adipisci dolore totam nam sit veniam veritatis repudiandae. Exercitationem aliquam neque quia optio. Non eum et recusandae dolores vel. Corrupti sequi illum dolores rerum omnis. Enim quis aliquam voluptatibus molestiae quos a.', 0, 2, 'voluptatum-itaque-unde-accusamus-blanditiis-quia-quibusdam-ea-hic', 'https://lorempixel.com/640/480/?59816', '2018-04-01 12:25:28', '2018-04-01 12:25:28', ''),
(79, 'Minima molestiae voluptates tenetur blanditiis rerum corporis.', 'Saepe quia exercitationem id eveniet.', 'Officia qui voluptatem saepe possimus. Neque qui eligendi facilis ratione. Accusantium distinctio nulla unde. Sapiente est corporis cumque. Blanditiis quia illo quibusdam et. Est beatae consectetur magnam nihil est ex fuga. Natus dolorum architecto qui vero. Nam ut nostrum blanditiis fugit placeat voluptatum ipsa. Deleniti quo assumenda illo inventore adipisci. Quia reiciendis asperiores voluptatum sit quia voluptate. Vero amet est vero totam quibusdam ut iste. Unde quia sed beatae et. Autem harum quas reiciendis laborum. Nihil quia similique quo mollitia. Sint assumenda optio quibusdam reiciendis est reiciendis expedita vel. Et cumque optio commodi explicabo molestiae dolorum in.', 0, 4, 'minima-molestiae-voluptates-tenetur-blanditiis-rerum-corporis', 'https://lorempixel.com/640/480/?42721', '2018-04-01 12:25:28', '2018-04-01 12:25:28', ''),
(80, 'Beatae quas quia est.', 'Perferendis eius nihil placeat enim.', 'Sit rerum qui aut ad consequatur aspernatur cumque. Sunt consectetur dolorem saepe nesciunt qui. Quibusdam consequatur qui doloremque omnis molestias iure reiciendis. Vero tempore tempora tempora quis commodi est deleniti. Dicta ex animi voluptas illum natus voluptatem. Architecto est consectetur aut dolorem autem est. Labore quo ut consequatur veritatis optio et nihil. Aliquid distinctio voluptates qui commodi quia. Amet voluptatem ea sed ex quae aliquam est et. Aliquam non quia illum. Officia dolor necessitatibus non nostrum voluptatibus dolor ullam. Rerum cumque et quisquam aut nulla non. Ipsam et repellat fugiat adipisci a. Ratione ipsum eaque distinctio quidem veniam quam iusto dolorem. Est sit asperiores illo aliquid a quo. Architecto sed culpa doloremque corporis. Dolores voluptatum omnis cumque inventore perspiciatis animi.', 0, 2, 'beatae-quas-quia-est', 'https://lorempixel.com/640/480/?94278', '2018-04-01 12:25:28', '2018-04-01 12:25:28', ''),
(81, 'Nihil cupiditate sint qui voluptatum rerum.', 'Quis quo iure aut iste.', 'Quod tempora omnis minima asperiores maiores reiciendis sit. Et hic reprehenderit est laboriosam. Et quos et aut impedit omnis animi dolorum. Tempore culpa voluptas aperiam sunt quia totam. Occaecati quisquam perferendis ut sapiente unde magni repellendus. Pariatur mollitia dolores voluptate officia reprehenderit repellat. Culpa ratione atque est et atque eos non. Sunt debitis et blanditiis dolores. Esse tenetur assumenda aliquam. Nihil iusto provident voluptas ipsum molestiae. Odio doloremque sed necessitatibus ratione ab laudantium totam. Nulla quibusdam aut veniam aut. Accusantium quaerat nam assumenda enim. Eius nihil quidem eum autem deserunt. Eveniet sed ut dolorum. Quas autem facere est ab nulla quia. Sed delectus aut dolor maxime ad accusamus. Facilis voluptatum sit deleniti illo non. Est ipsam et cupiditate quasi rerum perspiciatis. Et modi odio accusamus optio dolor. Aliquam amet deleniti voluptas.', 1, 3, 'nihil-cupiditate-sint-qui-voluptatum-rerum', 'https://lorempixel.com/640/480/?37050', '2018-04-01 12:25:28', '2018-04-01 12:25:28', ''),
(82, 'Commodi sit quisquam aperiam omnis.', 'Est odio molestiae id suscipit ab dicta.', 'Dolor nemo eaque aspernatur totam exercitationem est libero. Eaque cupiditate aliquam aut consequuntur cupiditate dolorum. Aspernatur molestias molestiae molestiae ut est ratione placeat. Magni placeat veritatis voluptatem omnis corporis aut. Distinctio ipsa voluptatem cumque et eos sit eveniet. Minima et laboriosam facilis autem. Nesciunt quas et quidem vitae nisi quaerat maxime nihil. Vero commodi ut quidem aut. Maiores velit quae accusamus dolorem dolorem voluptatum. Nihil reiciendis aspernatur id repellendus voluptas tempore sapiente commodi. Repellendus rerum ut numquam et minus velit maiores similique. Corrupti ratione ut ducimus quae id omnis laborum. Provident deleniti ea autem nostrum quia rerum. Nobis non officia earum voluptatibus et. Recusandae quam repellendus odio dignissimos ab. Quia voluptas enim ut animi atque provident id quia. Iure omnis ad sunt voluptas dolorem illo ratione.', 0, 4, 'commodi-sit-quisquam-aperiam-omnis', 'https://lorempixel.com/640/480/?82312', '2018-04-01 12:25:28', '2018-04-01 12:25:28', ''),
(83, 'Vel eaque omnis aspernatur harum.', 'Enim praesentium ut molestiae et voluptatum.', 'Rerum aut velit quod. Facere rerum ullam accusantium accusamus dolores praesentium impedit. Debitis et debitis recusandae et pariatur nisi vel incidunt. Et aliquid possimus numquam voluptas assumenda. Et molestiae ex hic temporibus ipsa nam beatae quis. Eligendi qui culpa in laudantium ipsa nihil voluptates hic. Nisi nam et ab ex reprehenderit. Tenetur quibusdam iste quia dolorum dolor. Doloribus blanditiis ullam natus magnam provident quod culpa nihil. Dignissimos ut eum fugit corporis. Quo reiciendis et praesentium ut dolorem voluptate esse. Eius qui dolorem iusto doloremque veniam id. Voluptatem deleniti dolorem aperiam est saepe excepturi mollitia ab. Dolorem minus voluptas beatae atque nihil cum tempora. Consequatur sapiente iste qui quam soluta. Nostrum pariatur magnam ut facilis ullam aut. Non enim voluptatem occaecati nobis dolorum voluptatibus aliquam. Corrupti quod pariatur illum iure et. Magnam dolorem eligendi quaerat explicabo. Recusandae itaque aliquam quaerat similique earum. At dolor aperiam ratione necessitatibus. Quaerat earum vero ut. Porro possimus natus excepturi amet ut ipsum. Quia molestiae voluptas cupiditate consequatur id quidem. Officia porro quidem ut velit veniam voluptatem. Molestias quae animi eum non et minus modi. Consequatur voluptatem et molestiae alias.', 0, 1, 'vel-eaque-omnis-aspernatur-harum', 'https://lorempixel.com/640/480/?20655', '2018-04-01 12:25:28', '2018-04-01 12:25:28', ''),
(84, 'Magni architecto maxime qui.', 'Consectetur eum et delectus veritatis et.', 'Et porro non et id quis. Repudiandae et vel rerum veritatis quia quis odit illo. Voluptas sed voluptas et sed quia. Rerum cumque quos sed minus et. Ea est eum ipsum totam officiis accusantium. Qui dignissimos tempore ea minus. Quis ut sequi enim architecto. Soluta ipsam voluptatibus rem quos eos ut. Non nemo fugiat laboriosam voluptatem sunt voluptatum ut dicta. Explicabo asperiores facilis animi officia consequuntur libero. Quia fuga eligendi maxime magnam dolores. Nihil qui enim id qui qui odio. Et dolor iure aut qui natus odit enim quis. Qui rerum quo dolore quasi. Illum numquam eligendi qui voluptatum maxime tempora vitae.', 1, 3, 'magni-architecto-maxime-qui', 'https://lorempixel.com/640/480/?64394', '2018-04-01 12:25:28', '2018-04-01 12:25:28', ''),
(85, 'Quasi mollitia modi at consequuntur.', 'Ipsum velit aut quis quo.', 'Quam eos quia sit omnis. Voluptatum aut eligendi dolores aut dolor ut. Cum aliquam corporis atque ducimus. Laudantium voluptatem commodi neque. Voluptas iste ea eos natus. Et voluptatum assumenda voluptas nemo aut. Eum perspiciatis aperiam hic dolore. Excepturi qui et eos sapiente. Explicabo alias et maiores qui. Ab id fuga totam quidem omnis fugiat. Numquam dolor reprehenderit consequatur tempora. Vel omnis deleniti vel dicta. Molestias soluta odit vitae sint. Quia eligendi ea eius omnis dolorem ipsa. Ut qui et a maiores incidunt. Magnam quia ducimus aliquam alias illo necessitatibus aliquam consequuntur. Quia ut culpa id culpa sint. Repellendus nemo suscipit cum quis omnis et. Quo occaecati harum nam et dolorem eius nemo. Vel est fuga officiis ullam. Natus autem dicta neque voluptatem itaque nam ut.', 0, 2, 'quasi-mollitia-modi-at-consequuntur', 'https://lorempixel.com/640/480/?79507', '2018-04-01 12:25:28', '2018-04-01 12:25:28', ''),
(86, 'Eos deserunt ea qui temporibus sint.', 'Illum minus libero ut enim impedit eius expedita.', 'Veniam ad omnis nostrum. Sint earum dolorem fugit culpa quod. Ipsam quaerat adipisci libero autem possimus eius incidunt. Nobis tempora neque ducimus optio saepe accusantium. Blanditiis totam quod quis molestiae culpa ad et. Velit deserunt sed sunt et aliquid maxime. Placeat ad accusantium atque aperiam voluptate deserunt. Repellendus magni fugit atque sint earum voluptatem et. Eius voluptatem velit ullam. Voluptatem architecto aperiam quas consequatur earum sunt illo ut. Aspernatur illo laborum error quia. Aliquam neque qui doloremque accusamus. Ut pariatur quia eaque vel excepturi eligendi. Distinctio temporibus aspernatur aut sint voluptatibus eaque autem. Tempora sit voluptatem at et adipisci consequatur voluptatibus mollitia. Voluptas ducimus voluptates qui. Quo ipsum et vitae. Culpa ratione facilis aut vel dolores. Delectus reiciendis ducimus eligendi alias sint quidem ea. Odit fuga soluta non autem harum. Quae nesciunt voluptas expedita ipsum distinctio eum ea. Et explicabo sapiente sed debitis voluptas et expedita. Totam est quisquam nihil illo repellendus cupiditate enim. Perspiciatis consequatur enim aliquid enim quia. Deserunt optio minima sint dignissimos. Atque eos vel enim debitis nemo.', 1, 3, 'eos-deserunt-ea-qui-temporibus-sint', 'https://lorempixel.com/640/480/?87988', '2018-04-01 12:25:28', '2018-04-01 12:25:28', '');
INSERT INTO `posts` (`id`, `title`, `seo_title`, `content`, `is_active`, `category_id`, `slug`, `picture_name`, `created_at`, `updated_at`, `description`) VALUES
(87, 'Molestiae non iste ullam illo est necessitatibus.', 'Consequatur quod sunt omnis sit ut dolor et.', 'Est nemo alias pariatur numquam et labore rem. Sed vitae dolor omnis ratione sint impedit perferendis. Similique praesentium et et nesciunt. Vel et dolores ad et eveniet. Nam facilis quibusdam praesentium tempore explicabo aspernatur. Magnam repellat fugiat sit reiciendis culpa. Dolores et illum officia aut corrupti tempora modi. Libero dolores voluptatibus est molestias minima. Facilis ea reiciendis omnis impedit maxime qui cumque. Vitae et reiciendis perspiciatis voluptatibus. Et non at quos occaecati eius nisi. Qui suscipit asperiores blanditiis similique et unde non. Occaecati delectus eligendi iure exercitationem dolor facilis consequatur. Minus culpa debitis in. Similique iusto illum quia nam et exercitationem. Doloribus esse sit quae repellendus cupiditate nihil. Vel recusandae est quis assumenda iusto labore aut. Repellat fugiat velit nemo alias unde labore vel. Eum at ab ipsum adipisci minus velit aliquam. Voluptas itaque omnis possimus consequatur. Accusamus recusandae provident eligendi adipisci maiores. Aut culpa sit fuga molestias consequatur est. Consectetur nesciunt eius veritatis perspiciatis iste molestiae. Voluptas et possimus sit est. Illo ut ut tenetur aperiam. Aut iste repudiandae dolorem. Pariatur dolores dicta quo sit voluptatem voluptatem.', 0, 4, 'molestiae-non-iste-ullam-illo-est-necessitatibus', 'https://lorempixel.com/640/480/?61110', '2018-04-01 12:25:28', '2018-04-01 12:25:28', ''),
(88, 'Fugit voluptate occaecati reiciendis soluta corrupti est minima.', 'Non odit ipsam voluptatum quos.', 'Maiores voluptas quae voluptatem et mollitia quae ad at. Repellat temporibus et tempore dicta repellendus. Expedita dolore et voluptas est ab natus fugit recusandae. Dicta repudiandae et repellendus odit et cumque qui vitae. Illum id magnam placeat ipsum hic et. Omnis delectus vitae voluptatum minima vel autem. Odio cupiditate expedita cupiditate iste id. Ex quisquam quas et ab ipsa. Eos ut ipsa omnis aliquam nulla. Aliquid omnis non quisquam molestiae nihil qui. Inventore dolor aut minus consequatur voluptas reprehenderit. Enim aut numquam quia ea facere eius quasi. A explicabo eos maiores earum. Aut quia quis qui quibusdam laboriosam. Eum eos ut ipsum voluptas. Dolorem omnis ut excepturi in. Nam nulla natus non.', 1, 4, 'fugit-voluptate-occaecati-reiciendis-soluta-corrupti-est-minima', 'https://lorempixel.com/640/480/?49474', '2018-04-01 12:25:28', '2018-04-01 12:25:28', ''),
(89, 'Dolorem quia dolore sed aut nesciunt.', 'Quia voluptates qui qui illum quaerat commodi.', 'Repellat qui at quos doloribus. Repellat sint itaque facilis voluptatem eum non. Mollitia et est magni cum. Enim sed aut laboriosam dolor eligendi a placeat. Ab eos sed sit laudantium fugit perferendis. Et officia voluptas dolor in dignissimos fuga non. Necessitatibus debitis voluptas accusamus nesciunt alias ut. Quas quod libero sit a laudantium. Nesciunt ut necessitatibus qui ex officiis asperiores. Odit ipsam tenetur voluptatem officiis. Omnis voluptas quam velit provident aperiam doloribus neque. Voluptate dolorum animi fugiat aut quidem. Delectus est architecto exercitationem dolor aliquid sint. Harum molestiae dignissimos nostrum dolores sit nesciunt laborum.', 1, 2, 'dolorem-quia-dolore-sed-aut-nesciunt', 'https://lorempixel.com/640/480/?41084', '2018-04-01 12:25:28', '2018-04-01 12:25:28', ''),
(90, 'Doloremque provident esse repudiandae quas eius et voluptates.', 'Pariatur quidem praesentium odio et corrupti aut.', 'Occaecati amet et voluptatem. Tenetur porro aliquid provident veniam. Nam mollitia aut eos. Vero veniam beatae iste accusantium. Optio at omnis suscipit pariatur perferendis. Sed fugiat numquam qui quidem quia nihil quis distinctio. Eveniet sed voluptas suscipit laboriosam nulla error doloremque et. Quia culpa et id facere odit voluptate atque. Corporis ut aut dolor omnis quod voluptatem. Vel dolor nostrum maiores quam rerum. In reiciendis vel quia. Sapiente consectetur maiores enim quisquam in. Consequatur adipisci suscipit esse molestias enim voluptatem et. Non cupiditate beatae porro aut. Voluptas quam reprehenderit adipisci quo eos. Et quas sed porro mollitia. Qui et molestias error. Alias quia architecto voluptatem ut. Ullam qui sequi eaque sequi voluptatem odit.', 1, 4, 'doloremque-provident-esse-repudiandae-quas-eius-et-voluptates', 'https://lorempixel.com/640/480/?88084', '2018-04-01 12:25:28', '2018-04-01 12:25:28', ''),
(91, 'Officiis pariatur perspiciatis repellat qui velit quis debitis quaerat.', 'Dolores aut est blanditiis molestiae ipsa minima.', 'Pariatur ut et deserunt repudiandae. Vel itaque vel placeat ut. Ipsa debitis deserunt asperiores. Vitae perspiciatis molestiae consequatur est. Aut repellendus labore enim id quas qui. Tenetur aut sit saepe doloribus. Enim deserunt quia quo consequatur. Dolorem molestiae rerum laudantium culpa ut est praesentium commodi. Ut aut quia adipisci qui. Qui rem ratione quaerat voluptatem non esse quo quod. Harum eum quae ad nam ullam aliquid. Qui unde quos quaerat id. Et debitis sapiente voluptatum facere consequatur dolores minus. Nihil non occaecati in repellat facere eligendi enim. Dolores aliquam totam repellendus et. Ab incidunt natus sint occaecati aut laboriosam iure. Aut excepturi quidem inventore quae cumque deserunt dolores.', 0, 4, 'officiis-pariatur-perspiciatis-repellat-qui-velit-quis-debitis-quaerat', 'https://lorempixel.com/640/480/?42104', '2018-04-01 12:25:28', '2018-04-01 12:25:28', ''),
(92, 'Ut ut quis atque repudiandae porro eligendi.', 'Nobis nesciunt molestiae eaque sunt hic.', 'Enim sed et hic at. Laboriosam expedita iusto id perferendis. Nostrum assumenda possimus qui ad. Quo autem ratione libero harum iure quaerat culpa. Quia corporis ut incidunt nulla aliquid voluptatem. Sunt ipsa porro eaque dicta et nihil voluptas. Et et id ad ipsum debitis. Eos perspiciatis velit et. Adipisci ut voluptatem quis sed eos. Suscipit repellendus suscipit et maxime facere. Aperiam quia est accusantium laboriosam. Impedit doloribus quo sint quia cupiditate velit qui. Odio aspernatur et qui. Culpa nam fuga iste eaque et vel saepe. Temporibus quam nulla ut ea nisi.', 1, 1, 'ut-ut-quis-atque-repudiandae-porro-eligendi', 'https://lorempixel.com/640/480/?37139', '2018-04-01 12:25:28', '2018-04-01 12:25:28', ''),
(93, 'Odit iste voluptatum nisi illo.', 'Dolorum impedit nobis ipsa itaque ex.', 'Rerum saepe doloremque placeat nemo iusto sed nisi. Dolorem consectetur nemo debitis et repellat. Ut cumque eos animi inventore dolores qui. Labore maxime porro nesciunt sed quam laboriosam. Assumenda rerum suscipit non ut ut enim. Ullam ea occaecati minus velit libero. Animi cupiditate explicabo id perspiciatis nulla libero hic. Quasi voluptate suscipit delectus sed quis nulla. Facilis illum quis amet qui eum itaque repudiandae sed. Soluta consequatur ut occaecati illum eum. Impedit velit a eaque ea in. Minus pariatur iste sunt consequatur cumque distinctio. Est optio reiciendis aliquid non quia blanditiis aperiam. Impedit ut architecto totam dignissimos in asperiores. Quia consequatur enim magni doloremque fugit. In aut officia a odio omnis. Totam excepturi et aperiam. Voluptate quo est aliquam adipisci aut aut. Et adipisci quibusdam molestiae veniam. Assumenda praesentium vero sunt. Quaerat suscipit quo magni facilis nisi.', 1, 2, 'odit-iste-voluptatum-nisi-illo', 'https://lorempixel.com/640/480/?61863', '2018-04-01 12:25:28', '2018-04-01 12:25:28', ''),
(94, 'Dolorem doloribus itaque est ut.', 'Fuga nihil saepe nobis eum libero architecto.', 'Doloribus tempora consectetur ducimus iste voluptas nemo rerum. Numquam est eligendi sunt. Quis animi accusantium magni temporibus alias ut. Quidem temporibus et incidunt minus officia. Voluptatem unde rerum ducimus eligendi. Officia animi rerum labore sed ut eos et nam. Est natus neque aut facilis voluptates. Quae nisi et tempore omnis et. Blanditiis sint placeat voluptas et id ducimus. Est itaque enim facere beatae incidunt qui. Eum velit eos qui sapiente. Ut vel aut beatae reprehenderit et a ipsa. Dolorum labore rerum quae et ab. Et facilis tempora soluta ut delectus rerum. Ad autem aut laudantium. Ad eos atque voluptas omnis. Necessitatibus sapiente sed occaecati ad quia aut. Mollitia animi distinctio doloribus eligendi quas unde sit. Et et vitae doloremque beatae vero commodi. Laudantium impedit molestiae excepturi aliquam quisquam sit neque. Dolore iusto rerum et et officia odio sint. Molestiae quo repudiandae a. Ipsa voluptas quia iure repellat. Similique possimus eos minus laudantium sapiente facilis. Reiciendis omnis cupiditate consectetur reprehenderit vitae. Earum officiis corporis qui et et. Libero aut consequuntur culpa qui et.', 1, 1, 'dolorem-doloribus-itaque-est-ut', 'https://lorempixel.com/640/480/?12737', '2018-04-01 12:25:28', '2018-04-01 12:25:28', ''),
(95, 'Ullam fuga et culpa optio et sapiente.', 'Quas eligendi iusto vel libero accusantium.', 'Dolorem deleniti dolorem ut atque qui velit. Eum voluptatum vitae vel ipsa dolorem voluptas a id. Odit quo aliquid voluptatem sed. Cumque eaque nobis sed qui qui sed. Nobis quidem ullam natus aut exercitationem autem tenetur laboriosam. Qui aliquam aut accusantium excepturi temporibus. Tenetur consequatur sed ea aut sed in eum nihil. Ab cum explicabo repudiandae qui. Est odio dignissimos labore reprehenderit omnis necessitatibus repudiandae. Iure rerum fuga qui excepturi minima labore. Quas quia quis debitis hic. Veritatis aut amet porro rem quo. Ad est harum aperiam itaque atque animi pariatur. Dolores et aut est numquam. Qui sapiente ut eius ea accusantium quia quo sed. Est rerum culpa quos in ratione. Recusandae et est natus hic accusamus. Architecto vero odit explicabo laborum minima quis cum. Et cumque rem laudantium voluptate a aliquid. Quisquam est quia deleniti dolore libero aut. Delectus iste totam quis in dolor. Nihil quis ducimus laudantium vel aut vel sit. Numquam labore inventore voluptas. Amet est nulla et natus. Qui qui quis dolor placeat.', 0, 3, 'ullam-fuga-et-culpa-optio-et-sapiente', 'https://lorempixel.com/640/480/?37429', '2018-04-01 12:25:28', '2018-04-01 12:25:28', ''),
(96, 'Omnis consequuntur suscipit cupiditate at ipsa aut.', 'Quas non vel maiores qui pariatur.', 'Voluptatibus laudantium et fugit officia quis sed aliquam. Pariatur ut repellendus ad quas. Harum voluptatem perferendis expedita saepe. Officiis alias cum iste iure accusamus. Atque ea quia provident adipisci itaque. Non facilis voluptates enim eum tempora aut nisi aut. Consectetur vitae iste iusto illo quo et aspernatur aut. Amet labore autem adipisci veniam et. Aut sit natus delectus perspiciatis consequatur aliquid. Itaque quia sint fugit dolores delectus ducimus. In amet quo officia quia. Consequatur ipsum praesentium enim. Maxime alias consequatur esse ea enim quia placeat. Molestiae reiciendis provident excepturi sed facilis quasi nihil enim. Consequatur enim tenetur aut omnis earum quam. Quis nihil cumque labore est. Voluptatem consequatur omnis quo. Itaque natus dolorem labore autem a. Aperiam et repudiandae ut a minima. Ea harum deleniti amet repudiandae ut non. Quisquam impedit laboriosam ea quam. Voluptatibus repellat commodi est. Quo rerum qui magni laborum. Voluptates tempore ullam qui voluptatibus facilis nam. Excepturi in eos repellendus dolor.', 0, 2, 'omnis-consequuntur-suscipit-cupiditate-at-ipsa-aut', 'https://lorempixel.com/640/480/?68750', '2018-04-01 12:25:28', '2018-04-01 12:25:28', ''),
(97, 'Neque qui quia reprehenderit.', 'Eum suscipit sit suscipit et.', 'Maxime consequatur quod perspiciatis et placeat. Et consequatur perspiciatis sequi velit molestias. Veritatis enim velit sed neque laudantium vel quod. Dolor dicta temporibus incidunt dicta ab. Cumque et cum vero accusamus aut aut quisquam. Repellat illum fugit nobis quae praesentium fugit. Provident enim sunt fugiat. Non iure in reiciendis tempora. Qui sit nesciunt voluptatum. Mollitia aut sunt eaque itaque. Dolorem sed possimus sed qui exercitationem ut assumenda. Qui et sit nobis id voluptas. Id debitis quasi maxime ducimus sunt voluptatem. Quo omnis odit sint nisi explicabo officia nobis maiores. Illo rerum qui fugit tempore porro. Qui autem corporis laudantium odio est est. Rerum eos sunt dolores ipsa omnis. Maiores in praesentium ipsam exercitationem dicta velit voluptate. Atque excepturi molestiae quis aut cumque aut quo temporibus. Et dolorem quaerat eos placeat deleniti. Praesentium in nihil omnis odio quis voluptatem. Ullam nobis hic repudiandae aut. Quis explicabo voluptatibus praesentium omnis laudantium qui ut iusto.', 0, 3, 'neque-qui-quia-reprehenderit', 'https://lorempixel.com/640/480/?35039', '2018-04-01 12:25:28', '2018-04-01 12:25:28', ''),
(98, 'Ducimus iste non recusandae ab.', 'Soluta omnis veniam amet ducimus.', 'Fuga reiciendis et ipsa et eos. Eligendi ab ex omnis eum rerum est distinctio. Velit asperiores voluptates excepturi reprehenderit fugit consequatur praesentium. Et consequatur quia aliquid corrupti quia quis error. Error doloribus et molestiae cum suscipit. Inventore iste rerum exercitationem eaque nulla sit magni. Minus reiciendis dolore sint distinctio rem. Enim voluptatem enim neque numquam. Similique id mollitia ad aut ex reprehenderit qui. Dolores et rerum enim aut quam. Vel recusandae corporis dignissimos labore velit eum exercitationem. Quia unde quaerat reprehenderit voluptas. Mollitia dicta non hic. Repudiandae voluptatum repellendus accusantium rerum. Dolor autem id sed corporis nesciunt. Et reiciendis rerum rerum maiores incidunt. Quidem nostrum est fugit soluta. Ipsa voluptatem placeat omnis quaerat ea beatae facilis. Quo sed iure amet nihil expedita officiis molestias. Necessitatibus et beatae tenetur nam. Quia earum sunt dolorum quo nisi fugit numquam.', 0, 3, 'ducimus-iste-non-recusandae-ab', 'https://lorempixel.com/640/480/?40362', '2018-04-01 12:25:28', '2018-04-01 12:25:28', ''),
(99, 'Suscipit repudiandae consequatur mollitia sapiente quae aut.', 'Praesentium incidunt cum ut voluptas omnis saepe.', 'Sit velit et repudiandae eius amet vitae. Qui doloribus enim maxime omnis adipisci corporis. Et dolore dolores quae incidunt et cum nostrum. Eos perspiciatis dignissimos sit neque qui excepturi. Voluptatum soluta est molestias labore quo tenetur. Sed quis mollitia nemo omnis nulla at excepturi. Architecto molestias quia tempora omnis culpa repudiandae minima. Enim libero consectetur voluptatibus aliquam reprehenderit error occaecati. At mollitia ex dolor aut non sint autem. Consequatur corporis delectus ea rem qui. Et ut dolor suscipit voluptas quo. Eveniet fugiat perferendis mollitia. Commodi velit qui eius accusantium sunt molestias. At ab nulla voluptatem quas vel consequatur est. Mollitia odio quos sed corrupti aperiam saepe. Ut assumenda necessitatibus neque asperiores cupiditate. Necessitatibus voluptatem aut illo. Et perspiciatis et voluptas explicabo debitis. Labore laborum et enim explicabo. Hic cupiditate ullam ut exercitationem quod voluptatem sed. Qui distinctio nihil iste odio cum dolorum. Aut consequuntur facere fuga autem voluptates quasi. Est beatae dolore fugit. Aperiam doloremque quia laborum iusto hic. Voluptatum consequatur dicta commodi id mollitia error totam. Iste et alias ut possimus soluta corporis.', 1, 4, 'suscipit-repudiandae-consequatur-mollitia-sapiente-quae-aut', 'https://lorempixel.com/640/480/?42066', '2018-04-01 12:25:28', '2018-04-01 12:25:28', ''),
(100, 'Earum sunt autem dicta ut.', 'Dolor amet labore laborum in aut ut.', 'Quo debitis iure suscipit laudantium. Illum voluptatem ut similique. Rerum ex unde totam dolore maiores sit. Aperiam enim amet harum earum veniam ut blanditiis. Repellendus deserunt et eligendi. Ea omnis incidunt eius ut modi voluptas nihil molestias. Dolore sunt nisi sit numquam. Praesentium similique quidem itaque quam. Placeat impedit consequatur magni minus voluptates omnis non. Nesciunt deleniti sit at quia eaque dolore. Nemo beatae dolor dolorem atque sit dolorem. Et et sed accusamus suscipit quos expedita. Sunt eaque est quia necessitatibus dolor sunt. Non similique debitis animi et magnam quae consequuntur.', 0, 1, 'earum-sunt-autem-dicta-ut', 'https://lorempixel.com/640/480/?90716', '2018-04-01 12:25:28', '2018-04-01 12:25:28', ''),
(101, 'Expedita placeat earum soluta soluta qui perferendis.', 'Optio nulla qui accusamus nam soluta fuga at.', 'Dolore tenetur qui adipisci quo. Fuga aspernatur fuga sunt eos enim blanditiis. In eligendi modi quia asperiores. Incidunt qui quo distinctio nesciunt non dolorem. Aperiam sunt facilis aspernatur voluptatem dolorem error nesciunt consequatur. Illum explicabo cumque necessitatibus at eos nesciunt officia. Sit hic aliquid possimus id ut debitis aut. Magnam ut illo exercitationem dolor omnis voluptates. Qui et et qui beatae enim. Et voluptatem qui necessitatibus molestias saepe. Sit maiores atque voluptatem vel eos recusandae adipisci eos. Possimus eius facilis suscipit repellendus. Est id molestiae labore. Incidunt cum qui fuga quisquam. Minima eius aut veritatis. Dolorem suscipit dolor voluptas aut tenetur accusamus assumenda. Quos qui rerum recusandae quidem quaerat adipisci ducimus eum. Possimus porro sint cum est aut iste quae est. Assumenda quo vel reprehenderit eum ex. Similique quia omnis fuga quidem totam enim. Ut nulla doloribus temporibus enim expedita labore. Harum esse velit ullam placeat vel temporibus. Magni deleniti id aliquam temporibus repellat. Consequatur adipisci et aut dolorem hic. Tempore et rerum occaecati tempore. Eveniet voluptate et animi aliquid. Tempora illo quo in id. Est nemo quaerat sed qui.', 0, 3, 'expedita-placeat-earum-soluta-soluta-qui-perferendis', 'https://lorempixel.com/640/480/?33041', '2018-04-01 12:25:28', '2018-04-01 12:25:28', ''),
(102, 'Eum vel sit magnam quod.', 'Iste iusto nam officiis iste tenetur.', 'Quam laudantium quas dolorem officia aut animi minus et. Consectetur nam voluptas consequuntur quod. Qui et voluptatem qui et doloremque placeat. Distinctio doloremque quia accusamus. Quisquam non iste et dolor ratione. Ratione quia provident qui sed vel. Molestiae voluptatem quo officiis dolor et. Sed non accusamus alias deleniti doloribus voluptate animi. Ipsum ea quasi hic molestiae corporis dolorem aliquam eaque. Explicabo sit et non aperiam. Suscipit alias atque vel eum aut laudantium quae. Necessitatibus consequatur ipsa nam consectetur itaque et. Quo eaque aut suscipit distinctio. Commodi deleniti sit pariatur consequatur est aut enim. Qui eveniet corrupti velit ut ducimus nesciunt. Qui consequuntur error ut voluptas. Quo qui ut laborum et. Dolorem sunt sed earum labore doloremque quisquam. Neque sed itaque aut voluptate. Quasi facere omnis in. Ut ut veritatis aspernatur corrupti. Ut ut officiis rerum necessitatibus est. Qui eveniet ut corporis sint tempora autem magni. Optio voluptatibus id placeat explicabo mollitia. Temporibus id quia tempore dolorum delectus aut iure et. Sit error officiis dolores ut. Magni ea id neque illo dolore aut eaque. Soluta nihil rerum cupiditate.', 1, 3, 'eum-vel-sit-magnam-quod', 'https://lorempixel.com/640/480/?38562', '2018-04-01 12:25:28', '2018-04-01 12:25:28', ''),
(103, 'Quia quia molestias dolores consequuntur qui aut odio.', 'Qui ipsa voluptatem possimus esse qui.', 'Itaque voluptates laudantium repellat eos aut voluptatibus. Sapiente voluptatem est et et nihil ut. Totam dolores tenetur rem consequatur perspiciatis beatae. Et alias cumque dolor deserunt. Quo aliquam et repellat excepturi sit sequi nihil doloribus. Quia ea dolorem ipsa vel rerum ut. Veniam asperiores illo iste nobis voluptatem ipsa ex. Quam ullam beatae optio aut non sint. Sit ut vero provident et quia voluptatem quo. Maxime enim nam dolores. Voluptatibus est eligendi non repellat neque ea debitis voluptas. Autem eum ea sunt recusandae perspiciatis tenetur magni. Deleniti expedita enim aliquid et quo et. Est corrupti esse eos neque delectus. Consequatur officia quidem eius. Atque consequatur cupiditate cupiditate tempora. Dolorem quod exercitationem enim sunt laudantium ut vitae cum. Minima voluptate dolor non quaerat aliquid. Ea unde autem recusandae reiciendis rerum aut facilis quibusdam. Et sed numquam ut. Amet repellat ab et. Ipsa occaecati cumque dolorum velit dolor iure placeat. Sequi recusandae consequuntur tempora ullam. Beatae aut iure mollitia corrupti natus cumque minima.', 1, 4, 'quia-quia-molestias-dolores-consequuntur-qui-aut-odio', 'https://lorempixel.com/640/480/?81721', '2018-04-01 12:25:28', '2018-04-01 12:25:28', ''),
(104, 'A quia non quidem qui sed reiciendis eum.', 'Et qui quasi nisi rerum ut doloribus.', 'Vel quam at quae odio in. Aut ullam et voluptatibus. Voluptates voluptates consequatur placeat sit placeat et reiciendis. Libero sed quia vel et corporis iusto dolores. Quaerat cumque recusandae consequuntur sint cumque quia aliquam. Et harum magni porro beatae excepturi eum ut amet. Quaerat dolor vitae excepturi eum et. Maiores consequatur cupiditate perferendis. Qui unde consequatur dicta est laudantium officia. At voluptates alias enim rerum itaque architecto. Est autem sit neque voluptate doloribus. Veritatis ea quae qui qui adipisci. Est aut tenetur nobis possimus dolor nihil exercitationem. Cum impedit at reiciendis voluptatem aspernatur beatae. Nihil distinctio eos animi neque ut neque. Rem neque illo quam atque qui. Est soluta ipsam maiores molestiae non vero. Ut officiis voluptatibus vel repellendus iusto. Et temporibus omnis ut iure dolores ea ut sit. Quia est ea eum aliquid est dicta voluptatem. Facilis quia est iste non est omnis fuga eaque. Quisquam facilis ipsum odio dignissimos eos odio perspiciatis. Et sunt consequatur quibusdam consequatur repellendus provident. Quas ea non aut enim id velit doloribus.', 0, 1, 'a-quia-non-quidem-qui-sed-reiciendis-eum', 'https://lorempixel.com/640/480/?38210', '2018-04-01 12:25:28', '2018-04-01 12:25:28', ''),
(105, 'Enim alias dolores sed ut.', 'Dolores amet molestias quis et eius ab quod.', 'Nihil est explicabo aspernatur id facere qui. Est alias et eveniet quis. Repudiandae neque error facere itaque hic officia. Ducimus eaque quae aut autem laboriosam modi et. Ut inventore accusamus consequatur eum ut consequatur. Aut non repellat quibusdam repellat magnam rerum voluptas qui. Laboriosam voluptatem accusamus vitae aut. Delectus molestiae consequatur et ipsam et voluptatem esse quos. Tempore voluptatibus assumenda qui nobis dicta. Maiores consequatur labore est tenetur. Qui soluta adipisci quis tempore. Sed dolore ut laborum minima. Aperiam ea impedit laborum quia molestiae. Officia vel numquam quia molestiae quisquam aut fugit. Iure ab voluptatum est. Voluptatem ut sit voluptates laboriosam. Sed sapiente facere eveniet culpa nisi autem. Officiis est et est. Mollitia odit fugiat excepturi et. Et dolor quibusdam illo quibusdam harum ea. Ipsa laboriosam repellat ad et neque ratione aliquid. Illum nostrum impedit deserunt rerum praesentium. Aut autem repellendus beatae. Sint quidem aut quisquam quaerat. Molestias asperiores nesciunt voluptas et deserunt earum.', 1, 4, 'enim-alias-dolores-sed-ut', 'https://lorempixel.com/640/480/?48562', '2018-04-01 12:25:28', '2018-04-01 12:25:28', ''),
(106, 'Ut delectus maxime nostrum maiores laboriosam.', 'Autem quos et fuga quas praesentium ut.', 'Nam amet culpa dolores corrupti. Sit eius ipsa qui quaerat. Pariatur ea animi non nobis doloribus et. Dolorem ut ipsam itaque quam et. Repudiandae ducimus optio perspiciatis repellendus qui. Et laborum ipsa ipsa suscipit vero quas voluptas tenetur. Officia sed consectetur illo provident minima sit. Voluptates excepturi laboriosam consectetur sit sit aut enim. Vel optio excepturi quod vel. Aliquid excepturi eum blanditiis dignissimos neque. Omnis quaerat eveniet est molestiae ea enim ut. At dolorem aut quia suscipit quos corrupti. Nemo hic consectetur vel nisi totam molestiae quae commodi. Vero qui quis eos architecto voluptas sunt. Quo qui reprehenderit optio dolores voluptas.', 1, 3, 'ut-delectus-maxime-nostrum-maiores-laboriosam', 'https://lorempixel.com/640/480/?62378', '2018-04-01 12:25:28', '2018-04-01 12:25:28', ''),
(107, 'sdfsdfsdf', 'sdfsdfsdfsdf', 'sdfsdfsdfsdfs', 1, 1, 'sdfsdfsdf', 'img/13892183_1287922754581337_177249624666356725_n.jpg', '2018-04-01 14:17:25', '2018-04-01 14:17:25', ''),
(108, 'йцу', 'йцуйцуйцуйцуйцу', 'sdffadfsghj,mfghfnfnfnb. kjiokjiko;;lp; .', 1, 1, 'ycu', 'img/13892183_1287922754581337_177249624666356725_n.jpg', '2018-04-01 14:27:27', '2018-04-01 14:27:27', 'sdffadfsghj,mfghfnfnfnb'),
(109, 'Nowiy | ComSensei', 'SuperNovy', 'sertertertert', 1, 1, 'nowiy-comsensei', 'img/13892183_1287922754581337_177249624666356725_n.jpg', '2018-04-30 14:42:35', '2018-04-30 14:42:35', '0'),
(110, 'NovyNovy', 'NovyNovy | ComSensei', 'qweqweqweq', 1, 1, 'novynovy', 'img/13935122_1286832854690327_948349359458676895_n.jpg', '2018-04-30 14:44:22', '2018-04-30 14:44:22', '0'),
(111, 'NewNew', 'WevWev | HashGame', 'asdasdasdasda', 1, 1, 'newnew', 'img/21192162_1488257354586362_8017927683813052177_n.jpg', '2018-04-30 14:46:44', '2018-04-30 14:46:44', '0'),
(112, 'fgt', 'kjhkljhhjkjb | HashGame', 'knjnklkn,', 1, 2, 'fgt', '', '2018-05-03 06:47:51', '2018-05-03 06:47:51', '0'),
(113, 'чсм', 'смтсоодлтль | HashGame', 'сывсысывс', 1, 2, 'chsm', 'img/Telephony_2.jpg.png', '2018-05-03 06:54:10', '2018-05-03 06:54:10', '0');

-- --------------------------------------------------------

--
-- Структура таблицы `post_tag`
--

CREATE TABLE `post_tag` (
  `id` int(10) UNSIGNED NOT NULL,
  `post_id` int(10) UNSIGNED NOT NULL,
  `tag_id` int(10) UNSIGNED NOT NULL
) ENGINE=InnoDB DEFAULT CHARSET=utf8mb4 COLLATE=utf8mb4_unicode_ci;

--
-- Дамп данных таблицы `post_tag`
--

INSERT INTO `post_tag` (`id`, `post_id`, `tag_id`) VALUES
(1, 107, 2),
(2, 108, 3),
(3, 109, 3),
(4, 110, 3),
(5, 111, 3),
(6, 112, 3),
(7, 113, 4);

-- --------------------------------------------------------

--
-- Структура таблицы `settings`
--

CREATE TABLE `settings` (
  `id` int(10) UNSIGNED NOT NULL,
  `main_title` varchar(100) COLLATE utf8mb4_unicode_ci NOT NULL,
  `main_h1` varchar(100) COLLATE utf8mb4_unicode_ci NOT NULL,
  `created_at` timestamp NULL DEFAULT NULL,
  `updated_at` timestamp NULL DEFAULT NULL
) ENGINE=InnoDB DEFAULT CHARSET=utf8mb4 COLLATE=utf8mb4_unicode_ci;

--
-- Дамп данных таблицы `settings`
--

INSERT INTO `settings` (`id`, `main_title`, `main_h1`, `created_at`, `updated_at`) VALUES
(1, 'First Main Title-26', 'First Main H1-26', NULL, '2018-04-30 16:49:28');

-- --------------------------------------------------------

--
-- Структура таблицы `tags`
--

CREATE TABLE `tags` (
  `id` int(10) UNSIGNED NOT NULL,
  `tag` varchar(20) COLLATE utf8mb4_unicode_ci NOT NULL,
  `created_at` timestamp NULL DEFAULT NULL,
  `updated_at` timestamp NULL DEFAULT NULL
) ENGINE=InnoDB DEFAULT CHARSET=utf8mb4 COLLATE=utf8mb4_unicode_ci;

--
-- Дамп данных таблицы `tags`
--

INSERT INTO `tags` (`id`, `tag`, `created_at`, `updated_at`) VALUES
(2, 'blockchain', NULL, NULL),
(3, 'blockpig', '2018-04-01 14:13:45', '2018-04-01 14:13:45'),
(4, 'blockdog', '2018-04-01 14:13:57', '2018-04-01 14:13:57');

-- --------------------------------------------------------

--
-- Структура таблицы `users`
--

CREATE TABLE `users` (
  `id` int(10) UNSIGNED NOT NULL,
  `name` varchar(255) COLLATE utf8mb4_unicode_ci NOT NULL,
  `email` varchar(255) COLLATE utf8mb4_unicode_ci NOT NULL,
  `password` varchar(255) COLLATE utf8mb4_unicode_ci NOT NULL,
  `verified` tinyint(1) NOT NULL,
  `remember_token` varchar(100) COLLATE utf8mb4_unicode_ci DEFAULT NULL,
  `created_at` timestamp NULL DEFAULT NULL,
  `updated_at` timestamp NULL DEFAULT NULL
) ENGINE=InnoDB DEFAULT CHARSET=utf8mb4 COLLATE=utf8mb4_unicode_ci;

--
-- Дамп данных таблицы `users`
--

INSERT INTO `users` (`id`, `name`, `email`, `password`, `verified`, `remember_token`, `created_at`, `updated_at`) VALUES
(1, 'EugenAdmin', 'kiseliov.evgeniy@gmail.com', '$2y$10$KRJlizA.RdVekYx6A7YvheGsSXBgr/aKhVtW6W9HanSittsdg8g6G', 1, 'Oj6MKCMvQgWxfHRmjpmBN0cD2W9G4k6PLazVz1npMwSxcBg6nt2Nt6ixLQFO', NULL, NULL);

--
-- Индексы сохранённых таблиц
--

--
-- Индексы таблицы `categories`
--
ALTER TABLE `categories`
  ADD PRIMARY KEY (`id`),
  ADD KEY `categories_slug_index` (`slug`);

--
-- Индексы таблицы `migrations`
--
ALTER TABLE `migrations`
  ADD PRIMARY KEY (`id`);

--
-- Индексы таблицы `posts`
--
ALTER TABLE `posts`
  ADD PRIMARY KEY (`id`),
  ADD KEY `posts_slug_index` (`slug`);

--
-- Индексы таблицы `post_tag`
--
ALTER TABLE `post_tag`
  ADD PRIMARY KEY (`id`),
  ADD KEY `post_tag_post_id_foreign` (`post_id`),
  ADD KEY `post_tag_tag_id_foreign` (`tag_id`);

--
-- Индексы таблицы `settings`
--
ALTER TABLE `settings`
  ADD PRIMARY KEY (`id`);

--
-- Индексы таблицы `tags`
--
ALTER TABLE `tags`
  ADD PRIMARY KEY (`id`),
  ADD UNIQUE KEY `tags_name_unique` (`tag`);

--
-- Индексы таблицы `users`
--
ALTER TABLE `users`
  ADD PRIMARY KEY (`id`),
  ADD UNIQUE KEY `users_email_unique` (`email`);

--
-- AUTO_INCREMENT для сохранённых таблиц
--

--
-- AUTO_INCREMENT для таблицы `categories`
--
ALTER TABLE `categories`
  MODIFY `id` int(10) UNSIGNED NOT NULL AUTO_INCREMENT, AUTO_INCREMENT=5;

--
-- AUTO_INCREMENT для таблицы `migrations`
--
ALTER TABLE `migrations`
  MODIFY `id` int(10) UNSIGNED NOT NULL AUTO_INCREMENT, AUTO_INCREMENT=12;

--
-- AUTO_INCREMENT для таблицы `posts`
--
ALTER TABLE `posts`
  MODIFY `id` int(10) UNSIGNED NOT NULL AUTO_INCREMENT, AUTO_INCREMENT=114;

--
-- AUTO_INCREMENT для таблицы `post_tag`
--
ALTER TABLE `post_tag`
  MODIFY `id` int(10) UNSIGNED NOT NULL AUTO_INCREMENT, AUTO_INCREMENT=8;

--
-- AUTO_INCREMENT для таблицы `settings`
--
ALTER TABLE `settings`
  MODIFY `id` int(10) UNSIGNED NOT NULL AUTO_INCREMENT, AUTO_INCREMENT=2;

--
-- AUTO_INCREMENT для таблицы `tags`
--
ALTER TABLE `tags`
  MODIFY `id` int(10) UNSIGNED NOT NULL AUTO_INCREMENT, AUTO_INCREMENT=5;

--
-- AUTO_INCREMENT для таблицы `users`
--
ALTER TABLE `users`
  MODIFY `id` int(10) UNSIGNED NOT NULL AUTO_INCREMENT, AUTO_INCREMENT=2;

--
-- Ограничения внешнего ключа сохраненных таблиц
--

--
-- Ограничения внешнего ключа таблицы `post_tag`
--
ALTER TABLE `post_tag`
  ADD CONSTRAINT `post_tag_post_id_foreign` FOREIGN KEY (`post_id`) REFERENCES `posts` (`id`),
  ADD CONSTRAINT `post_tag_tag_id_foreign` FOREIGN KEY (`tag_id`) REFERENCES `tags` (`id`);
COMMIT;

/*!40101 SET CHARACTER_SET_CLIENT=@OLD_CHARACTER_SET_CLIENT */;
/*!40101 SET CHARACTER_SET_RESULTS=@OLD_CHARACTER_SET_RESULTS */;
/*!40101 SET COLLATION_CONNECTION=@OLD_COLLATION_CONNECTION */;
